DB:,site_id,url_site,phone1,phone2,street_address,address_suppl,zip5,name_system,name_site,hfp_fqhc_id,samhsa_ftloc_id,samhsa_otp_id,dbhids_tad_id,archival_only,why_hidden,data_review_notes,latitude,longitude,mat_avail,mat_bupe,mat_mtd,mat_ntrex,fqhc,primary_care,pay_medicaid,pay_private_insur,pay_medicare,pay_military_insur,pay_assistance_avail,pay_self_cash,pay_otherstate_insur,pay_fed_funding,pay_none_accepted
1,S00001,https://www.phila.gov/departments/department-of-public-health/,215-685-4758,,1101 Market St,8th Floor,19107,City of Philadelphia Public Health,"Ambulatory Health Services, Main Admin Office",1,NULL,NULL,NULL,True,Not a practice site,,,,,,,,,,,,,,,,,,
2,S00002,https://www.phila.gov/services/mental-physical-health/city-health-centers/,215-685-1803,,1700 South Broad St,Suite 201,19145,City of Philadelphia Public Health,District Health Center #2,2,NULL,NULL,NULL,,,,,,,,,,,,,,,,,,,,
3,S00003,https://www.phila.gov/services/mental-physical-health/city-health-centers/,215-685-7504,,555 South 43rd St,,19104,City of Philadelphia Public Health,District Health Center #3,3,NULL,NULL,NULL,,,,,,,,,,,,,,,,,,,,
4,S00004,https://www.phila.gov/services/mental-physical-health/city-health-centers/,215-685-7601,,4400 Haverford Ave,,19104,City of Philadelphia Public Health,District Health Center #4,4,NULL,NULL,NULL,,,,,,,,,,,,,,,,,,,,
5,S00005,https://www.phila.gov/services/mental-physical-health/city-health-centers/,215-685-2933,,1900 North 20th St,,19121,City of Philadelphia Public Health,District Health Center #5,5,NULL,NULL,NULL,,,,,,,,,,,,,,,,,,,,
6,S00006,https://www.phila.gov/services/mental-physical-health/city-health-centers/,215-685-3803,,301 West Girard Ave,,19123,City of Philadelphia Public Health,District Health Center #6,6,NULL,NULL,NULL,,,"PDPH and HFP websites both list 301 for street_address, but 321 is used in most providers' data (Google Maps recognizes both)",,,,,,,,,,,,,,,,,
7,S00007,https://www.phila.gov/services/mental-physical-health/city-health-centers/,215-685-5701,,131 East Chelten Ave,,19144,City of Philadelphia Public Health,District Health Center #9,7,NULL,NULL,NULL,,,,,,,,,,,,,,,,,,,,
8,S00008,https://www.phila.gov/services/mental-physical-health/city-health-centers/,215-685-0639,,2230 Cottman Ave,,19149,City of Philadelphia Public Health,District Health Center #10,8,NULL,NULL,NULL,,,,,,,,,,,,,,,,,,,,
9,S00009,https://www.phila.gov/services/mental-physical-health/city-health-centers/,215-685-2401,,2840 West Dauphin St,,19132,City of Philadelphia Public Health,Strawberry Mansion Health Center,9,NULL,NULL,NULL,,,,,,,,,,,,,,,,,,,,
10,S00010,https://dvch.org/,215-235-9600,,1412 Fairmount Ave,2nd Floor,19130,"Delaware Valley Community Health, Inc. (DVCH)",Main Admin Office,10,NULL,NULL,NULL,True,Not a practice site,,,,,,,,,,,,,,,,,,
11,S00011,https://dvch.org/fairmount-primary/,215-235-9600,,1412 Fairmount Ave,,19130,"Delaware Valley Community Health, Inc. (DVCH)",Fairmount Primary Care Center,11,NULL,NULL,NULL,,,,,,,,,,,,,,,,,,,,
12,S00012,https://dvch.org/fairmount-primary-girard/,215-827-8010,,801 West Girard Ave,,19122,"Delaware Valley Community Health, Inc. (DVCH)",Fairmount Primary Care Center at Girard Medical Center,12,NULL,NULL,NULL,,,,,,,,,,,,,,,,,,,,
13,S00013,https://dvch.org/fairmount-primary-horizon-house/,215-222-2466,,120 South 30th St,,19104,"Delaware Valley Community Health, Inc. (DVCH)",Fairmount Primary Care Center at Horizon House,13,NULL,NULL,NULL,,,,,,,,,,,,,,,,,,,,
14,S00014,https://dvch.org/fairmount-primary-sharon-hill/,610-278-7381,,800 Chester Pike,,19079,"Delaware Valley Community Health, Inc.",Fairmount Primary Care Center at Sharon Hill,14,NULL,NULL,NULL,,,,,,,,,,,,,,,,,,,,
15,S00015,https://dvch.org/maria-de-los-santos-health-center/,215-291-2500,,401 West Allegheny Ave,,19133,"Delaware Valley Community Health, Inc. (DVCH)",Maria de los Santos Health Center,15,NULL,NULL,NULL,,,,,,,,,,,,,,,,,,,,
16,S00016,https://dvch.org/maria-de-los-santos-womens-health/,215-207-0522,,400 West Allegheny Ave,Unit B-5,19133,"Delaware Valley Community Health, Inc.",Maria de los Santos Women’s Health Center,16,NULL,NULL,NULL,,,,,,,,,,,,,,,,,,,,
17,S00017,https://dvch.org/norristown-regional-health/,610-278-7787,,1401 DeKalb St,,19401,"Delaware Valley Community Health, Inc.",Norristown Regional Health Center,17,NULL,NULL,NULL,,,,,,,,,,,,,,,,,,,,
18,S00018,https://dvch.org/parkview-health-center/,215-537-7695,,841 East Hunting Park Ave,Suite 201,19124,"Delaware Valley Community Health, Inc. (DVCH)",Parkview Health Center,18,NULL,NULL,NULL,,,,,,,,,,,,,,,,,,,,
19,S00019,https://esperanzahealth.com/,215-302-3150,,4417 North 6th St,,19140,Esperanza Health Center,Main Admin Office,19,NULL,NULL,NULL,True,Not a practice site,,,,,,,,,,,,,,,,,,
20,S00020,https://esperanzahealth.com/,215-302-3600,215-302-3150,4417 North 6th St,,19140,Esperanza Health Center,Hunting Park Site,20,NULL,NULL,NULL,,,,,,,,,,,,,,,,,,,,
21,S00021,https://esperanzahealth.com/patients/our-locations/,215-302-3600,215-831-1100,861 East Allegheny Ave,,19134,Esperanza Health Center,Kensington Site,21,NULL,NULL,NULL,,,,,,,,,,,,,,,,,,,,
22,S00022,https://esperanzahealth.com/patients/our-locations/,215-302-3600,215-221-6633,2940 North 5th St,,19133,Esperanza Health Center,Fifth Street Site,22,NULL,NULL,NULL,,,,,,,,,,,,,,,,,,,,
23,S00023,https://esperanzahealth.com/,215-302-3600,,3156 Kensington Ave,,19134,Esperanza Health Center,Kensington & Allegheny,23,NULL,NULL,NULL,True,Site closed,Moved to 861 East Allegheny Ave in 2020,,,,,,,,,,,,,,,,,
24,S00024,https://www.fpcn.com/,215-298-0405,,4700 Wissahickon Ave,"Building D, Suite 118",19144,The Family Practice & Counseling Network (FPCN),Main Admin Office,24,NULL,NULL,NULL,True,Not a practice site,,,,,,,,,,,,,,,,,,
25,S00025,https://www.fpcn.com/abbottsford-falls/,215-843-9720,,4700 Wissahickon Ave,"Building D, Suite 119",19144,The Family Practice & Counseling Network (FPCN),Abbotsford-Falls Health Center,25,NULL,NULL,NULL,,,,,,,,,,,,,,,,,,,,
26,S00026,https://www.fpcn.com/stephen-and-sandra-sheller-11th-street-family-health-services-of-drexel-university/,215-769-1100,,850 North 11th St,,19123,The Family Practice & Counseling Network (FPCN),Stephen and Sandra Sheller 11th Street Family Health Services of Drexel University,26,NULL,NULL,NULL,,,,,,,,,,,,,,,,,,,,
27,S00027,https://www.fpcn.com/Fast-Family-Care/,267-597-3610,,2800 Fox St,Unit A,19129,The Family Practice & Counseling Network (FPCN),Fast Family Care at Shoprite,27,NULL,NULL,NULL,,,,,,,,,,,,,,,,,,,,
28,S00028,https://www.fpcn.com/health-annex/,215-727-4721,,6120B Woodland Ave,2nd Floor,19143,The Family Practice & Counseling Network (FPCN),Health Annex,28,NULL,NULL,NULL,,,March 2021: Building closed for renovations; phone for appointments elsewhere,,,,,,,,,,,,,,,,,
29,S00029,https://www.fpcn.com/annex-west-health-center/,267-350-5150,,3901 Market St,,19104,The Family Practice & Counseling Network (FPCN),Annex West Health Center,29,NULL,NULL,NULL,,,,,,,,,,,,,,,,,,,,
30,S00030,https://www.gphainc.org/,215-925-2400,,1401 South 31st St,,19146,"Greater Philadelphia Health Action, Inc. (GPHA)",Main Admin Office,30,NULL,NULL,NULL,True,Not a practice site,,,,,,,,,,,,,,,,,,
31,S00031,https://www.gphainc.org/locations/find-a-location-near-you/#al-assist-behavioral-healthcare-center,215-339-1079,215-339-1070,1401 South 4th St,,19147,"Greater Philadelphia Health Action, Inc. (GPHA)",Al-Assist Behavioral Healthcare Center,31,1016,NULL,NULL,,,phone1 = Medical; phone2 = Behavioral Health; Pharmacy phone = 215-952-6960,,,,,,,,,,,,,,,,,
32,S00032,https://www.gphainc.org/locations/find-a-location-near-you/#carl-moore-health-center,215-755-7700,215-789-6931,1401 South 31st St,,19146,"Greater Philadelphia Health Action, Inc. (GPHA)",Carl Moore Health Center,32,NULL,NULL,NULL,,,phone1 = Medical & Behavioral Health; phone2 = Pharmacy,,,,,,,,,,,,,,,,,
33,S00033,https://www.gphainc.org/locations/find-a-location-near-you/#chinatown-medical-services,215-627-8000,267-519-0271,432 North 6th St,,19123,"Greater Philadelphia Health Action, Inc. (GPHA)",Chinatown Medical Services,33,NULL,NULL,NULL,,,phone1 = Medical & Behavioral Health; phone2 = Pharmacy,,,,,,,,,,,,,,,,,
34,S00034,https://www.gphainc.org/locations/find-a-location-near-you/#frankford-avenue-health-center,215-744-1302,215-831-9882,4500-4510 Frankford Ave,,19124,"Greater Philadelphia Health Action, Inc. (GPHA)",Frankford Avenue Health Center,34,NULL,NULL,NULL,,,phone1 = Medical; phone2 = Behavioral Health; Pharmacy phone = 215-743-4106,,,,,,,,,,,,,,,,,
35,S00035,https://www.gphainc.org/locations/find-a-location-near-you/#gpha-inc-dental-and-behavioral-healthcare,888-296-4742,215-724-4700,5501 Woodland Ave,,19143,"Greater Philadelphia Health Action, Inc. (GPHA)","GPHA, Inc. Dental and Behavioral Health",35,NULL,NULL,NULL,,,phone1 = Medical; phone2 = Behavioral Health; Pharmacy phone = 215-729-3912,,,,,,,,,,,,,,,,,
36,S00036,https://www.gphainc.org/locations/find-a-location-near-you/#gpha-inc-medical-suite-at-temple-university-kornberg-school-of-dentistry,215--226-3789,,3223 North Broad St,"1st Floor, Suite 136",19140,"Greater Philadelphia Health Action, Inc. (GPHA)","GPHA, Inc. Medical Suite at Temple University Kornberg School of Dentistry",36,NULL,NULL,NULL,,,,,,,,,,,,,,,,,,,,
37,S00037,https://www.gphainc.org/locations/find-a-location-near-you/#gpha-spectrum-behavioral-services,484-472-7430,,1489 Baltimore Pike,"Building 300, Suite 300",19064,"Greater Philadelphia Health Action, Inc. (GPHA)",GPHA Spectrum Behavioral Services,37,NULL,NULL,NULL,,,,,,,,,,,,,,,,,,,,
38,S00038,https://www.gphainc.org/locations/find-a-location-near-you/#hunting-park-health-center,215-228-9300,215-221-6255,1999 West Hunting Park Ave,,19140,"Greater Philadelphia Health Action, Inc. (GPHA)",Hunting Park Health Center,38,NULL,NULL,NULL,,,phone1 = Medical & Behavioral Health; phone2 = Pharmacy,,,,,,,,,,,,,,,,,
39,S00039,https://www.gphainc.org/locations/find-a-location-near-you/#snyder-avenue-dental-center,215-334-4900,,640 Snyder Ave,,19148,"Greater Philadelphia Health Action, Inc. (GPHA)",Snyder Avenue Dental Center,39,NULL,NULL,NULL,True,Other,"Dental care only (no Medical, no Behavioral Health, no Pharmacy)",,,,,,,,,,,,,,,,,
40,S00040,https://www.gphainc.org/locations/find-a-location-near-you/#southeast-health-center,215-339-5100,215-339-4006,800 Washington Ave,,19147,"Greater Philadelphia Health Action, Inc. (GPHA)",Southeast Health Center,40,NULL,NULL,NULL,,,phone1 = Medical & Behavioral Health; phone2 = Medical Dispensary,,,,,,,,,,,,,,,,,
41,S00041,https://www.gphainc.org/locations/find-a-location-near-you/#woodland-avenue-health-center,215-726-9807,215-730-2828,5000 Woodland Ave,,19143,"Greater Philadelphia Health Action, Inc. (GPHA)",Woodland Avenue Health Center,41,NULL,NULL,NULL,,,phone1 = Medical & Behavioral; phone2 = Medical Dispensary,,,,,,,,,,,,,,,,,
42,S00042,https://www.phmc.org/,215-985-2500,,1500 Market St,Suite 1500,19102,Public Health Management Corporation (PHMC),Main Admin Office,42,NULL,NULL,NULL,True,Not a practice site,,,,,,,,,,,,,,,,,,
43,S00043,https://www.phmc.org/site/programs/health-care-centers/congreso-health-center,267-765-2272,,412 West Lehigh Ave,,19133,Public Health Management Corporation (PHMC),Congresso Health Center,43,NULL,NULL,NULL,,,,,,,,,,,,,,,,,,,,
44,S00044,https://www.phmc.org/site/programs/health-care-centers/phmc-health-connection,215-765-6690,,1900 North 9th St,,19122,Public Health Management Corporation (PHMC),Health Connection,44,NULL,NULL,NULL,,,,,,,,,,,,,,,,,,,,
45,S00045,https://www.phmc.org/site/programs/health-care-centers/375-phmc-care-clinic,215-825-8220,,1200 Callowhill St,Suite 101,19123,Public Health Management Corporation (PHMC),Care Clinic,45,32,NULL,"[4, 31, 32]",,,"address_suppl ""Suite 101"" from PHMC website; some sources list ""Suite 102""",,,,,,,,,,,,,,,,,
46,S00046,https://www.phmc.org/site/programs/health-care-centers/mary-howard,215-592-4500,,125 South 9th St,,19107,Public Health Management Corporation (PHMC),Mary Howard Health Center,46,NULL,NULL,NULL,,,,,,,,,,,,,,,,,,,,
47,S00047,https://www.phmc.org/site/programs/health-care-centers/rising-sun,215-279-9666,,5675 North Front St,,19120,Public Health Management Corporation (PHMC),Rising Sun Health Center,47,NULL,NULL,NULL,,,,,,,,,,,,,,,,,,,,
48,S00048,https://www.phmc.org/site/32-misc/shared-programs/1242-pathways-to-recovery,215-731-2402,,2301 East Allegheny Ave,,19134,Public Health Management Corporation (PHMC),Pathways to Recovery,48,"[12, 23]",NULL,"[28, 48]",,,,,,,,,,,,,,,,,,,,
49,S00049,https://fight.org/,215-985-4448,,1233 Locust St,3rd Floor,19107,Philadelphia FIGHT,Main Admin Office,49,NULL,NULL,NULL,True,Not a practice site,,,,,,,,,,,,,,,,,,
50,S00050,https://fight.org/programs/lax-center/,215-790-1788,,1233 Locust St,4th Floor,19107,Philadelphia FIGHT,Jonathan Lax Treatment Center,50,NULL,NULL,NULL,,,,,,,,,,,,,,,,,,,,
51,S00051,https://fight.org/programs/john-bell-center/,267-725-0252,,1207 Chestnut St,3rd Floor,19107,Philadelphia FIGHT,John Bell Health Center,51,NULL,NULL,NULL,,,,,,,,,,,,,,,,,,,,
52,S00052,https://fight.org/programs/broad-street-ministry/,215-525-8681,,315 South Broad St,,19107,Philadelphia FIGHT,Community Health Centers Clinic at Broad Street Ministry,52,NULL,NULL,NULL,,,Added from program website based on finding provider with buprenorphine waiver dated 2020-11-25 (30 patients),,,,,,,,,,,,,,,,,
53,S00053,https://pathwaystohousingpa.org/,215-390-1500,,5201 Old York Rd,4th Floor,19141,Pathways,Pathways to Housing PA,53,NULL,NULL,27,,,"address_suppl changed from ""Suite 108"" to ""4th Floor"" to match program website (c) 2020",,,,,,,,,,,,,,,,,
54,S00054,https://projecthome.org/stephen-klein-wellness-center,215-320-6187,,2144 Cecil B. Moore Ave,,19121,Project HOME,Stephen Klein Wellness Center,54,NULL,NULL,34,,,,,,,,,,,,,,,,,,,,
55,S00055,https://projecthome.org/hub-hope,215-309-5225,,1401 Arch St,Lower Level ,19102,Project HOME,Hub of Hope,55,NULL,NULL,NULL,,,,,,,,,,,,,,,,,,,,
56,S00056,https://qchc.org/facilities-1,215-227-0300,,2501 West Lehigh Ave,,19132,"Quality Community Health Care, Inc. (QCHC)",QCHC Family Health Center,56,NULL,NULL,NULL,,,,,,,,,,,,,,,,,,,,
57,S00057,https://qchc.org/facilities-1,215-457-6902,,1300 West Loudon St,,19141,"Quality Community Health Care, Inc. (QCHC)",Cooke Family Health Center,57,NULL,NULL,NULL,,,,,,,,,,,,,,,,,,,,
58,S00058,https://qchc.org/facilities-1,215-765-9501,,1800 West Oxford St,,19121,"Quality Community Health Care, Inc. (QCHC)",Meade Family Health Center,58,NULL,NULL,NULL,,,,,,,,,,,,,,,,,,,,
59,S00059,http://www.sayrehealth.org/,215-474-4444,,5800 Walnut St,227 South 59th St,19139,Sayre Health Center,"Dr. Bernett L. Johnson, Jr. Sayre Health Center",59,NULL,NULL,NULL,,,address_suppl Added from Sayre website (map shows intersection with listed street_address),,,,,,,,,,,,,,,,,
60,S00060,https://www.spectrumhs.org/,215-471-2750,,5201 Haverford Ave,,19139,"Spectrum Health Services, Inc.",Main Admin Office,60,NULL,NULL,NULL,True,Not a practice site,,,,,,,,,,,,,,,,,,
61,S00061,https://www.spectrumhs.org/locations/spectrum-community-health-center-schc/,215-471-2761,,5201 Haverford Ave,,19139,"Spectrum Health Services, Inc.",Spectrum Community Health Center (SCHC),61,NULL,NULL,NULL,,,phone1 shared between 3 sites (https://www.spectrumhs.org/locations/),,,,,,,,,,,,,,,,,
62,S00062,https://www.spectrumhs.org/locations/broad-street-health-center-bshc/,215-471-2761,,1415 North Broad St,,19122,"Spectrum Health Services, Inc.",Broad Street Health Center (BSHC),62,NULL,NULL,NULL,,,phone1 shared between 3 sites (https://www.spectrumhs.org/locations/),,,,,,,,,,,,,,,,,
63,S00063,https://www.spectrumhs.org/locations/reed-street-health-center-rshc/,215-471-2761,,1325 South 33rd St,,19146,"Spectrum Health Services, Inc.",Reed Street Health Center (RSHC),63,NULL,NULL,NULL,,,phone1 shared between 3 sites (https://www.spectrumhs.org/locations/),,,,,,,,,,,,,,,,,
64,S00064,https://apmphila.org/services/health-services/,267-296-7220,267-296-7222,4301 Rising Sun Ave,,19140,Asociación Puertorriqueños en Marcha,APM Behavioral Health Center [1 of 3],NULL,58,NULL,2,,,,,,,,,,,,,,,,,,,,
65,S00065,https://apmphila.org/services/health-services/,215-259-3373,215-259-3358,2921 North 5th St,,19133,Asociación Puertorriqueños en Marcha,APM Behavioral Health Center [3 of 3],NULL,57,NULL,NULL,,,,,,,,,,,,,,,,,,,,
66,S00066,https://apmphila.org/services/health-services/,267-798-7560,,112 East Allegheny Ave,,19134,Asociación Puertorriqueños en Marcha,APM Behavioral Health Center [2 of 3],NULL,NULL,NULL,NULL,True,Data needs review,"Added from APM website: Does location offer MAT? [[systems data may want separate record for Admin office: 1900 North 9th St, 19122, phone = 267-296-7200]]",,,,,,,,,,,,,,,,,
67,S00067,https://www.casacares.net/,215-634-3259,800-273-8255,213 West Allegheny Ave,,19133,"CASA de Consejeria y Salud Integral, Inc. (CASA)",Casa de Consejeria,NULL,1019,NULL,3,,,"For site hours, see: https://www.casacares.net/ContactUs/tabid/108/Default.aspx",,,,,,,,,,,,,,,,,
68,S00068,https://www.casacares.net/ContactUs/tabid/108/Default.aspx,215-501-7629,,616 West Lehigh Ave,,19133,"CASA de Consejeria y Salud Integral, Inc. (CASA)",Casa de Consejeria,NULL,63,NULL,NULL,,,"For site hours, see: https://www.casacares.net/ContactUs/tabid/108/Default.aspx",,,,,,,,,,,,,,,,,
69,S00069,https://catchinc.com/mission/team/type/psychiatric-team/,215-735-7435,215-755-6112,2401 Penrose Ave,2nd Floor,19145,CATCH (Citizens Acting Together Can Help),River’s Bend Addiction Treatment,NULL,NULL,NULL,NULL,True,Data needs review,"[_] Contact https://catchinc.com/services about whether/which location(s) offer MAT (Elton Smith has buprenorphine waiver); replaced ""1400 Reed St, 19146"" with potentially more relevant option from CATCH website",,,,,,,,,,,,,,,,,
70,S00070,http://www.jfkbhc.org/,215-235-5520,,907 North Broad St,,19123,"Centralized Comprehensive Human Services, Inc.","John F. Kennedy Behavioral Health Center, Satellite Office",NULL,7,16,15,,,,,,,,Yes,,,,,,,,,,,,
71,S00071,http://www.jfkbhc.org/,215-568-0860,,112 North Broad St,,19102,"Centralized Comprehensive Human Services, Inc.",John F. Kennedy Behavioral Health Center,NULL,66,NULL,16,,,,,,,,,,,,,,,,,,,,
72,S00072,https://www.comhar.org/,267-861-4382,,2055 East Allegheny Ave,,19134,COMHAR,COMHAR: The Welcome Center,NULL,NULL,NULL,5,,,phone1 = COMHAR Central Registration from https://www.comhar.org/mental-health-wellness,,,,,,,,,,,,,,,,,
73,S00073,https://www.comhar.org/latino-treatment-program,215-739-2669,,2600 North American St,,19133,COMHAR,COMHAR: Latino Treatment Program,NULL,NULL,NULL,6,,,,,,,,,,,,,,,,,,,,
74,S00074,https://drexel.edu/medicine/community-engagement/patient-care/the-caring-together-program/,215-967-2130,,4700 Wissahickon Ave,"Building C, Suite 102",19144,Drexel University Medicine,The Caring Together Program,NULL,11,NULL,8,,,,,,,,,,,,,,,,,,,,
75,S00075,https://drexel.edu/medicine/community-engagement/patient-care/partnership-comprehensive-care-practice/,215-762-2530,,1427 Vine St,2nd Floor,19102,Drexel University Medicine,Partnership Comprehensive Care Practice,NULL,NULL,NULL,NULL,,,Also see https://towerhealth.org/locations/tower-health-medical-group-infectious-disease-philadelphia,,,,,,,,,,,,,,,,,
76,S00076,https://towerhealth.org/locations/drexel-partnership,215-762-6565,,1427 Vine St,6th Floor,19102,Tower Health,Drexel Partnership,NULL,NULL,NULL,NULL,,,,,,,,,,,,,,,,,,,,
77,S00077,https://towerhealth.org/locations/psychiatry-tower-health-medical-group-vine-street,267-507-6581,,1427 Vine St,8th Floor,19102,Tower Health,Psychiatry - Vine Street,NULL,NULL,NULL,NULL,,,,,,,,,,,,,,,,,,,,
78,S00078,https://towerhealth.org/locations/chestnut-hill-hospital,215-248-8200,,8835 Germantown Ave,,19118,Tower Health,Chestnut Hill Hospital,NULL,NULL,NULL,NULL,,,,,,,,,,,,,,,,,,,,
79,S00079,https://towerhealth.org/locations/tower-health-medical-group-family-medicine-residency-chestnut-hill,215-248-8145,,8815 Germantown Ave,5th Floor,19118,Tower Health,Family Medicine Residency - Chestnut Hill,NULL,NULL,NULL,NULL,,,,,,,,,,,,,,,,,,,,
80,S00080,https://towerhealth.org/locations/tower-health-medical-group-family-medicine-broad-street,215-762-5145,,219 North Broad St,1st Floor,19107,Tower Health,Family Medicine - Broad Street,NULL,NULL,NULL,NULL,,,,,,,,,,,,,,,,,,,,
81,S00081,https://www.einstein.edu/einstein-medical-center-philadelphia,215-456-7890,,5501 Old York Rd,,19141,Einstein Healthcare Network,Einstein Medical Center,NULL,NULL,NULL,44,,,,,,,,,,,,,,,,,,,,
82,S00082,https://www.gaudenzia.org/,215-924-6322,,1300 East Tulpehocken St,,19138,Gaudenzia,New Image,NULL,42,NULL,NULL,,,,,,,,,,,,,,,,,,,,
83,S00083,https://www.gaudenzia.org/,215-849-7200,215-849-2813,39 East School House Lane,,19144,Gaudenzia,Outreach II / Recovery House,NULL,33,NULL,NULL,,,"[_] Does this address need separate records for distinct programs? | Gaudenzia website has ""School House"" for street_address (matches Google Maps) vs. ""Schoolhouse"" in SAMHSA FT Loc",,,,,,,,,,,,,,,,,
84,S00084,https://www.gaudenzia.org/,,,5401 Wayne Ave,,19144,Gaudenzia,Re-Entry House,NULL,31,NULL,NULL,,,,,,,,,,,,,,,,,,,,
85,S00085,https://www.gaudenzia.org/,215-423-6766,,3200 Henry Ave,,19129,Gaudenzia,Gaudenzia Diagnostic & Rehabilitation Center (DRC),NULL,26,NULL,10,,,,,,,,,,,,,,,,,,,,
86,S00086,https://www.gaudenzia.org/,215-228-7595,215-228-0644,1834 West Tioga St,,19140,Gaudenzia,Gaudenzia WINNER Program / Philly House,NULL,39,NULL,NULL,,,[_] Does this address need separate records for distinct programs?,,,,,,,,,,,,,,,,,
87,S00087,https://www.gaudenzia.org/,215-223-9460,,3025 North Broad St,,19132,Gaudenzia,Broad Street R.I.N.T.,NULL,67,NULL,NULL,,,"Gaudenzia website has ""3025-21"" for street_address",,,,,,,,,,,,,,,,,
88,S00088,https://www.gaudenzia.org/,215-985-1200,215-985-2143,1516 Washington Ave,,19146,Gaudenzia,Washington House / Joy of Living,NULL,62,NULL,NULL,,,"[_] Does this address need two separate records? | Gaudenzia website has  street_address ""1515-1518"" for Washington House",,,,,,,,,,,,,,,,,
89,S00089,https://www.gaudenzia.org/,215-238-2163,,1306 Spring Garden St,2nd Floor,19123,Gaudenzia,Withdrawal and Referral Management Stablization Program (WARMS),NULL,"[20, 1005]",NULL,"[9, 49]",,,[_] This address almost surely needs multiple records (different programs on different floors),,,,,,,,,,,,,,,,,
180,S00180,https://www.gaudenzia.org/,833-647-0719,,106 West Main St,,19401,Gaudenzia,Main Admin Office,,,,,True,Not a practice site,,,,,,,,,,,,,,,,,,
90,S00090,https://hospitals.jefferson.edu/departments-and-services/obstetrics-and-gynecology/programs-and-services/maternal-addiction-treatment.html,215-955-3792,800-533-3669,1239 Spring Garden St,,19123,Jefferson University Hospitals,My Sister’s Place (MSP),NULL,50,NULL,NULL,,,See also https://hospitals.jefferson.edu/departments-and-services/vickie-and-jack-farber-institute-for-neuroscience/programs/psychiatry-and-human-behavior/substance-abuse-programs.html,,,,,,,,,,,,,,,,,
91,S00091,https://hospitals.jefferson.edu/departments-and-services/vickie-and-jack-farber-institute-for-neuroscience/programs/psychiatry-and-human-behavior/substance-abuse-programs.html,215-735-5979,,1021 South 21st St,"1st Floor, NE Corner, 21st St & Washington Ave",19146,Jefferson University Hospitals,Narcotic Addiction Rehabilitation Program (NARP),NULL,19,4,37,,,See also https://www.jefferson.edu/university/jmc/departments/psychiatry/clinical/programs.html,,,,,,,,,,,,,,,,,
92,S00092,https://hospitals.jefferson.edu/find-a-location/locations/1015-walnut-street.html,215-503-6337,,1015 Walnut St,Suite 401,19107,Jefferson University Hospitals,Thomas Jefferson University Hospital,NULL,NULL,NULL,NULL,,,"Why do multiple buprenorphine providers list this address, when site does not appear to offer MAT? https://www.jefferson.edu/university/skmc/departments/family-medicine/fellowships/Hospice-Palliative/faculty.html",,,,,,,,,,,,,,,,,
93,S00093,https://hospitals.jefferson.edu/find-a-location/locations/1233-locust-street.html,215-955-8577,215-955-3792,1233 Locust St,Suite 401,19107,Jefferson University Hospitals,Family Center of Thomas Jefferson University,NULL,24,3,36,,,See also https://hospitals.jefferson.edu/departments-and-services/obstetrics-and-gynecology/programs-and-services/maternal-addiction-treatment.html,,,,,,,,,,,,,,,,,
94,S00094,https://www.jefferson.edu/university/jmc/departments/psychiatry/clinical/programs.html,215-955-8420,215-955-8856,833 Chestnut St East,Suite 210-E,19107,Jefferson University Hospitals,Jefferson Outreach Program,NULL,35,NULL,NULL,,,[_] Address offers 2+ programs: Create second record for IOP (with phone2)?,,,,,,,,,,,,,,,,,
95,S00095,https://www.jefferson.edu/university/jmc/departments/psychiatry/clinical/programs.html,215-790-9942,,1021 South 21st St,"2nd Floor, NE Corner, 21st St & Washington Ave",19146,Jefferson University Hospitals,Jefferson Intensive Substance Abuse Treatment Program (IOP),NULL,56,NULL,NULL,,,See also https://hospitals.jefferson.edu/departments-and-services/vickie-and-jack-farber-institute-for-neuroscience/programs/psychiatry-and-human-behavior/substance-abuse-programs.html,,,,,,,,,,,,,,,,,
96,S00096,https://www.merakey.org/,215-754-0240,,5429 Germantown Ave,,19144,Merakey,Merakey [Germantown Ave],NULL,6,14,19,,,"Merakey website has ""5429-37"" for street_address",,,,,,,,,,,,,,,,,
97,S00097,https://www.merakey.org/,215-879-6116,,5000 Parkside Ave,,19131,Merakey,Merakey [Parkside Ave],NULL,3,8,18,,,,,,,,,,,,,,,,,,,,
98,S00098,https://www.merakey.org/,215-632-9040,,11082 Knights Rd,,19154,Merakey,Merakey [Knights Rd],NULL,21,NULL,21,,,,,,,,,,,,,,,,,,,,
99,S00099,https://www.merakey.org/,215-634-2520,,100 East Lehigh Ave,MAB Suite 201,19125,Merakey,Merakey at Temple Health Episcopal Hospital,NULL,NULL,NULL,20,,,,,,,,,,,,,,,,,,,,
100,S00100,http://netcenters.org/services/addiction-recovery-programs/,215-743-6150,,2205 Bridge St.,,19137,NET Community Care,NET Steps,NULL,"[2, 10]",11,24,,,"[_] Does this record need a separate entry for NET Community Care: Wharton Residential Center (phone = 215-288-5490, samhsa_ftloc = 10)?",,,,,,,,,,,,,,,,,
101,S00101,http://netcenters.org/services/addiction-recovery-programs/,267-348-3550,,7520 State Rd,,19136,NET Community Care,NET Steps,NULL,4,15,25,,,,,,,,,,,,,,,,,,,,
102,S00102,http://netcenters.org/services/addiction-recovery-programs/,215-451-7100,,499 North 5th St,Suite C,19123,NET Community Care,Spring Garden Counseling Center,NULL,14,19,"[23, 42]",,,Admin office is at Suite A of this address (phone 215-451-7000),,,,,,,,,,,,,,,,,
103,S00103,http://netcenters.org/services/addiction-recovery-programs/,267-597-3920,,4625 Frankford Ave,,19124,NET Community Care,Frankford Avenue Counseling Center,NULL,51,NULL,26,,,,,,,,,,,,,,,,,,,,
104,S00104,http://netcenters.org/services/addiction-recovery-programs/,215-747-6480,,5501 Chestnut St,,19139,NET Community Care,West Counseling Center,NULL,1018,NULL,NULL,,,,,,,,,,,,,,,,,,,,
105,S00105,http://netcenters.org/services/addiction-recovery-programs/,215-226-1600,,2701 North Broad St,,19132,NET Community Care,North Counseling Center,NULL,NULL,NULL,NULL,True,Data needs review,Added from NET website: Does location offer MAT?,,,,,,,,,,,,,,,,,
106,S00106,https://bewellctr.org/,215-787-2407,,801 West Girard Ave,,19122,North Philadelphia Health Systems (NPHS),The Behavioral Wellness Center at Girard,NULL,"[47, 9, 46, 49]",6,22,,,"See also FQHC record for same address; also, URL www.nphs.com redirects to bewellctr.org",,,,,,,,,,,,,,,,,
107,S00107,http://www.nphs.com,215-787-2407,,801 West Girard Ave,,19122,North Philadelphia Health Systems (NPHS),Goldman Clinic / Girard Medical Center,NULL,"[41, 44, 45]",6,22,,,URL redirects from www.nphs.com,,,,,,,,,,,,,,,,,
108,S00108,https://www.med.upenn.edu/hallmercer/,,,245 South 8th St,,19106,Penn Medicine,,NULL,NULL,NULL,45,,,,,,,,,,,,,,,,,,,,
109,S00109,https://www.med.upenn.edu/penn-promotes/mwi.html,,,3400 Spruce St,,19104,Penn Medicine,,NULL,NULL,NULL,29,,,,,,,,,,,,,,,,,,,,
110,S00110,https://www.med.upenn.edu/psychiatry/presbyterian_treatment.html,,,3910 Powelton Ave,,19104,Penn Medicine,,NULL,NULL,NULL,NULL,,,,,,,,,,,,,,,,,,,,
111,S00111,https://www.med.upenn.edu/recovery/,,,"4040 Market St, 2nd Floor",Suites 200 and 220,19104,Penn Medicine,,NULL,29,NULL,NULL,,,,,,,,,,,,,,,,,,,,
112,S00112,https://www.pennmedicine.org/,,,51 North 39th St,,19104,Penn Medicine,,NULL,22,NULL,NULL,,,,,,,,,,,,,,,,,,,,
113,S00113,https://ppponline.org/,,,2913-2915 Kensington Ave,,19134,Prevention Point,Prevention Point,NULL,NULL,NULL,33,,,,,,,,,,,,,,,,,,,,
114,S00114,https://www.projecttransition.com/,,,6201 North Front St,Suite 106,19120,Project Transition,,NULL,1004,NULL,NULL,,,,,,,,,,,,,,,,,,,,
115,S00115,https://www.projecttransition.com/,,,5003 Umbria St,,19128,Project Transition,,NULL,1008,NULL,NULL,,,,,,,,,,,,,,,,,,,,
116,S00116,https://www.projecttransition.com/,,,3901 Conshohocken Ave,,19131,Project Transition,,NULL,1009,NULL,NULL,,,,,,,,,,,,,,,,,,,,
117,S00117,https://www.phmc.org/site/,,,4108 Parkside Ave,,19104,Public Health Management Corporation (PHMC),,NULL,48,NULL,NULL,,,,,,,,,,,,,,,,,,,,
118,S00118,https://consortiuminc.org/,,,451 South University Ave,,19104,"The Consortium, Inc",,NULL,"[8, 36]",7,7,,,,,,,,,,,,,,,,,,,,
119,S00119,https://consortiuminc.org/,,,137 South 58th St,,19139,"The Consortium, Inc",,NULL,1012,NULL,NULL,,,,,,,,,,,,,,,,,,,,
120,S00120,http://thehealingway.net/,215-335-3520,,7900 Frankford Ave,,19136,,The Healing Way,NULL,60,17,NULL,,,,,,,,,,,,,,,,,,,,
121,S00121,http://www.aandorecoveryservices.org/,215-426-1992,,3319 Kensington Ave,,19134,,Alpha and Omega Recovery Services,NULL,1011,NULL,NULL,True,Data needs review,Did site close in 2020? http://web.archive.org/web/20200223214756/http://aandorecoveryservices.org:80/index.html,,,,,,,,,,,,,,,,,
122,S00122,http://www.kirkbridecenter.com/,215-471-2600,,111 North 49th St,,19139,,Kirkbride Center,NULL,5,9,NULL,,,,,,,,,,,,,,,,,,,,
123,S00123,http://www.mwfhe.org/,267-639-9265,215-769-7045,2603 Cecil B. Moore Ave,,19121,,"Men & Women for Human Excellence, Inc., Opioid Treatment Program",NULL,NULL,21,NULL,,,"OTP certification ""Provisional"" in Jan 2021; website lists additional phone 215-769-7045; removed ""W[est]"" from street_address to match Google Maps",,,,,,,,,,,,,,,,,
124,S00124,http://www.pathcenter.org/,215-728-4600,,8220 Castor Ave,,19152,,"People Acting To Help, Inc. (PATH), Main Campus",NULL,1017,NULL,30,,,"[_] Check relationship to Friends Hospital, listed on PATH website as PATH Residential Treatment Facility with same address (4641 Roosevelt Blvd, 19124), but distinct phone = 215-305-6671",,,,,,,,,,,,,,,,,
125,S00125,http://www.soarcorp.org/,215-464-4450,,9150 Marshall St,Suite 2,19114,,SOAR Corporation,NULL,28,18,35,,,"[_] Check address_suppl: Suite 2 (2021 website, DBHIDS TAD) or Suite 18 (SAMHSA FT Loc)?",,,,,,,,,,,,,,,,,
126,S00126,https://fairmountbhs.com/,,,561 Fairthorne Ave,,19128,,,NULL,13,NULL,NULL,,,,,,,,,,,,,,,,,,,,
127,S00127,https://friendshospital.com/,215-831-4600,,4641 Roosevelt Blvd,,19124,,Friends Hospital,NULL,NULL,NULL,43,,,"[_] Check relationship to PATH Residential Treatment Facility, listed on PATH website with different phone (215-305-6671) but same address (4641 Roosevelt Blvd, 19124)",,,,,,,,,,,,,,,,,
128,S00128,https://intercommunityaction.org/,,,6122 Ridge Ave,,19128,,,NULL,65,NULL,NULL,,,,,,,,,,,,,,,,,,,,
129,S00129,https://interimhouse.phmc.org/,,,333 West Upsal St,,19119,,,NULL,25,NULL,12,,,,,,,,,,,,,,,,,,,,
130,S00130,https://kensingtonhospital.org/,,,136 West Diamond St,,19122,,,NULL,59,NULL,17,,,"updated site (""coming soon"") expected by early March 2021",,,,,,,,,,,,,,,,,
131,S00131,https://kensingtonhospital.org/,,,2100 North Front St,,19122,,,NULL,54,13,NULL,,,"updated site (""coming soon"") expected by early March 2021",,,,,,,,,,,,,,,,,
132,S00132,https://livengrin.org/,,,9140 Academy Rd,,19114,,,NULL,61,NULL,NULL,,,,,,,,,,,,,,,,,,,,
133,S00133,https://medicine.temple.edu/news/temple-launches-center-excellence-address-opioid-use-pregnancy,,,3401 North Broad St,,19140,,,NULL,NULL,NULL,38,,,,,,,,,,,,,,,,,,,,
134,S00134,https://rehabafterwork.pyramidhealthcarepa.com/,,,1420 Walnut St,Suite 500,19102,,,NULL,27,NULL,NULL,,,,,,,,,,,,,,,,,,,,
135,S00135,https://rehabafterwork.pyramidhealthcarepa.com/,,,9815 Roosevelt Boulevard,Suite B,19114,,,NULL,1003,NULL,NULL,,,,,,,,,,,,,,,,,,,,
136,S00136,https://selfhelpmovement.org/,,,2600 Southampton Rd,,19116,,,NULL,30,20,NULL,,,,,,,,,,,,,,,,,,,,
137,S00137,https://www.amhainc.org/,,,928 Market St,,19107,,,NULL,52,1,1,,,,,,,,,,,,,,,,,,,,
138,S00138,https://www.aporiagroup.com/,,,525 South 4th St,"2nd Floor, Suite 243",19147,,,NULL,1015,NULL,NULL,,,,,,,,,,,,,,,,,,,,
139,S00139,https://www.belmontbehavioral.com/,,,4200 Monument Rd,,19131,,,NULL,68,NULL,NULL,,,,,,,,,,,,,,,,,,,,
140,S00140,https://www.cleanslatecenters.com/philadelphia-port-richmond-pennsylvania,,,3380 Memphis St,,19134,CleanSlate Outpatient Addiction Medicine,"CleanSlate (Port Richmond, PA)",NULL,NULL,NULL,NULL,,,,,,,,,,,,,,,,,,,,
141,S00141,https://www.coraservices.org/,,,8540 Verree Rd,,19111,,,NULL,1002,NULL,NULL,,,,,,,,,,,,,,,,,,,,
142,S00142,https://www.geogroup.com/,,,3768 L St,,19124,,,NULL,1006,NULL,NULL,,,,,,,,,,,,,,,,,,,,
143,S00143,https://www.gpasspa.org/,,,4943 North 5th St,,19120,,,NULL,37,NULL,11,,,,,,,,,,,,,,,,,,,,
144,S00144,https://www.hhinc.org/,,,2137 North 33rd St,,19121,,,NULL,40,NULL,NULL,,,,,,,,,,,,,,,,,,,,
145,S00145,https://www.jevshumanservices.org/,,,1745 North 4th St,,19122,,,NULL,53,2,14,,,,,,,,,,,,,,,,,,,,
146,S00146,https://www.jevshumanservices.org/,,,5820 Old York Rd,,19141,,,NULL,55,12,13,,,,,,,,,,,,,,,,,,,,
147,S00147,https://www.mainlinehealth.org/find-a-doctor/mario-littman,,,7300 City Ave,Suite 203,19151,,,NULL,NULL,NULL,NULL,,,,,,,,,,,,,,,,,,,,
148,S00148,https://www.mazzonicenter.org/,,,1348 Bainbridge St,,19147,,,NULL,34,NULL,NULL,,,,,,,,,,,,,,,,,,,,
149,S00149,https://www.paatc.org/,,,329 East Wister St,,19144,,,NULL,1014,NULL,NULL,,,,,,,,,,,,,,,,,,,,
150,S00150,https://www.philachildrenscrc.com/,,,3300 Henry Ave,,19129,,Philadelphia Children’s Crisis Response Center,NULL,NULL,NULL,47,,,,,,,,,,,,,,,,,,,,
151,S00151,https://www.philadelphia.va.gov/,,,3900 Woodland Ave,,19104,,Philadelphia VA Medical Center (PVAMC),NULL,"[18, 1]",5,NULL,,,,,,,,,,,,,,,,,,,,
152,S00152,https://www.providencetreatment.com/,,,1528 Walnut St,Suite 1410,19102,,,NULL,1001,NULL,NULL,,,,,,,,,,,,,,,,,,,,
153,S00153,https://www.rhd.org/morrishome/,,,5037 Woodland Ave,,19143,,,NULL,1013,NULL,NULL,,,,,,,,,,,,,,,,,,,,
154,S00154,https://www.swnustop.com/,,,5616 Woodland Ave,,19143,,,NULL,43,NULL,NULL,,,,,,,,,,,,,,,,,,,,
155,S00155,https://www.templehealth.org/locations/temple-health-episcopal-campus,,,100 East Lehigh Ave,,19125,,,NULL,NULL,NULL,46,,,,,,,,,,,,,,,,,,,,
156,S00156,https://www.thebridgephiladelphia.org/,,,1100 Adams Ave,,19124,,,NULL,1007,NULL,NULL,,,,,,,,,,,,,,,,,,,,
157,S00157,https://www.trinityhealthma.org/,,,501 South 54th St,,19143,,,NULL,38,10,50,,,URL redirects from mercyhealth.org,,,,,,,,,,,,,,,,,
158,S00158,https://www.wedgepc.com/,,,4243 Frankford Ave,,19124,Wedge Recovery Centers,,NULL,15,NULL,41,,,,,,,,,,,,,,,,,,,,
159,S00159,https://www.wedgepc.com/,,,3609 North Broad St,,19140,Wedge Recovery Centers,,NULL,16,NULL,39,,,,,,,,,,,,,,,,,,,,
160,S00160,https://www.wedgepc.com/,,,2009 South Broad St,,19148,Wedge Recovery Centers,,NULL,17,NULL,40,,,,,,,,,,,,,,,,,,,,
161,S00161,https://www.wifamilyhealth.org/,,,5936 Chestnut St,1st Floor,19139,,,NULL,64,NULL,NULL,,,,,,,,,,,,,,,,,,,,
162,S00162,https://aschermd.com/,646-812-1421,,130 South 18th St,Apt 2102,19103,,"Michael Ascher, M.D., Psychiatry in Philadelphia & the Main Line",NULL,NULL,NULL,NULL,,,,,,,,,,,,,,,,,,,,
163,S00163,https://www.bayada.com/offices/pa/philadelphia/1020-n--delaware-ave/home-health,,,1020 North Delaware Ave,,19125,,,NULL,NULL,NULL,NULL,,,,,,,,,,,,,,,,,,,,
164,S00164,https://couragemedicine.org/,,,1010 West Lehigh Ave,,19133,,Courage Medicine,NULL,NULL,NULL,NULL,True,Data needs review,This address is listed in the provider's data but conflicts with practice website,,,,,,,,,,,,,,,,,
165,S00165,https://couragemedicine.org/about/,215-385-5031,,7198 Castor Ave,,19149,,Courage Medicine,NULL,NULL,NULL,NULL,True,Data needs review,"This address is listed on the practice website, but conflicts with provider's data",,,,,,,,,,,,,,,,,
166,S00166,https://beasleyaddiction.com/,267-417-9078,,2401 Pennsylvania Ave,E 1C44-45,19130,,Beasley Addiction Specialists,NULL,NULL,NULL,NULL,,,,,,,,,,,,,,,,,,,,
167,S00167,https://www.beaumontretirement.com/about/management-team/,,,1201 Latona St,,19147,,,NULL,NULL,NULL,NULL,,,,,,,,,,,,,,,,,,,,
168,S00168,https://chrispagnanimd.com/,267-687-0655,,1528 Walnut St,Suite 1415,19102,,"Chris Pagnani, MD PC, Private Practice of Psychiatry, Philadelphia",NULL,NULL,NULL,NULL,,,,,,,,,,,,,,,,,,,,
169,S00169,https://www.familymedassoc.com/,,,205 North Broad St,Suite 500,19107,,,NULL,NULL,NULL,NULL,,,,,,,,,,,,,,,,,,,,
170,S00170,https://richardsobelmd.com/,,,1500 Walnut St,Suite 902,19102,,,NULL,NULL,NULL,NULL,,,,,,,,,,,,,,,,,,,,
171,S00171,https://www.myexecutivehealth.com/,,,1845 Walnut St,Suite 1540,19103,,,NULL,NULL,NULL,NULL,,,,,,,,,,,,,,,,,,,,
172,S00172,http://www.philapainclinic.com/,215-969-2331,,12000 Bustleton Ave,Suite 208,19116,,Phila Pain Clinic,NULL,NULL,NULL,NULL,True,Data needs review,[_] Is pain management clinic suitable for listing on MAT finder?,,,,,,,,,,,,,,,,,
173,S00173,https://www.hhinc.org/,,,5901 Market St,3rd Floor,19139,,,NULL,NULL,NULL,NULL,,,,,,,,,,,,,,,,,,,,
174,S00174,https://www.cctckids.org/about-us/overview/,,,1080 North Delaware Ave,Suite 600,19125,,,NULL,NULL,NULL,NULL,,,,,,,,,,,,,,,,,,,,
175,S00175,,,,3396 Miller St,,19134,,New Journeys in Recovery,NULL,1010,NULL,NULL,True,Data needs review,Did site close after 2020? http://web.archive.org/web/20201020175717/http://njir-phila.org/,,,,,,,,,,,,,,,,,
176,S00176,https://web.archive.org/web/20151108032653/http://www.covenanthousehealth.org/,215-844-1020,,251 East Bringhurst St,,19144,"Covenant House Health Services, Inc.",Main Admin Office,64,NULL,NULL,NULL,True,Not a practice site,URL converted to most recent archival copy available (2015),,,,,,,,,,,,,,,,,
177,S00177,,215-248-7561,,8125 Stenton Ave,,19150,"Covenant House Health Services, Inc.",Mt. Pleasant Health Center,67,NULL,NULL,NULL,,,"Only indirect URLs found, e.g. https://www.freeclinics.com/det/pa_19150_mt-pleasant-medical-center-covenant-house",,,,,,,,,,,,,,,,,
178,S00178,,267-331-9832,,138 Chelten Ave,2nd Floor Rear,19144,"Covenant House Health Services, Inc.",Covenant House Health and Dental Center,66,NULL,NULL,NULL,,,No online information found for this street address,,,,,,,,,,,,,,,,,
179,S00179,,215-844-0181,,251 East Bringhurst St,,19144,"Covenant House Health Services, Inc.",Covenant House Health Services,65,NULL,NULL,NULL,,,"URL from HFP (http://www.covenanthousehealth.org/) has been inactive since 2016 | Only indirect URLs found, e.g. https://www.freeclinics.com/det/pa_Covenant_House_Inc",,,,,,,,,,,,,,,,,
