rec_id,date_firstfind,date_lastfind,name1,name2,street1,street2,city,state_usa,zip5,zip4,county,phone,intake_prompt,phone_intake1,phone_intake2,website,latitude,longitude,type_facility,sa,dt,bu,bum,ub,bwn,bwon,bmw,beri,bsdm,db_field,bmo,mo,mu,meth,mm,mmw,dm,nu,un,vtrl,nxn,rpn,otp,omb,otpa,pain,ulc,moa,odtx,ubn,hh,noop,nmoa,cbt,dbt,saca,trc,rebt,smon,smpd,smop,hi,res,op,rs,rl,rd,od,odt,oit,ort,hid,hit,ct,gh,psyh,vamc,tbg,ih,stg,lccg,ddf,stag,stmh,stdh,hla,jc,carf,ncqa,coa,hfap,np,sf,md,mc,si,pi_field,mi,atr,fsa,ss,pa,ah,sp,co,gl,vet,adm,mf,cj,se,ad,pw,wn,mn,hv,trma,xa,dv,tay,nsc,adtx,bdtx,cdtx,mdtx,tgd,tid,ico,gco,fco,mco,twfa,bia,cmi,moti,ang,mxm,crv,relp,bc,chld,yad,adlt,fem,male,du,duo,acc,acm,acu,add_field,baba,ccc,cmha,csaa,daut,dp,dsf,dvfp,eih,emp,haec,heoh,hivt,isc,itu,mhs,mpd,opc,sae,shb,shc,shg,smhd,ssa,ssd,stdt,ta,taec,tbs,cm,fpsy,hs,nrt,peer,stu,tcc,pvtp,pvtn,vo,sumh,inpe,rpe,pc,naut,nmaut,acma,pmat,auinpe,aurpe,aupc,mhiv,mhcv,lfxd,clnd,copsu,daof,mst,noe,ofd,rc,piec,mdet,voc,hav,hbv,audo,f17,f19,f25,f28,f30,f31,f35,f36,f37,f4,f42,f43,f47,f66,f67,f70,f81,f92,n13,n18,n23,n24,n40,mat_bupe,mat_ntrex,mat_mtd,mat_misc,mat_avail
1,2020-09-08,2021-01-16,Philadelphia VA Medical Center (PVAMC),Opioid Treatment Program,3900 Woodland Avenue,,Philadelphia,PA,19104,,Philadelphia,215-823-5809,,215-823-4014,,,39.9479816,-75.2001349,SA,True,True,True,True,True,True,,True,,,True,,,True,True,True,True,True,True,True,True,True,True,True,True,,,,,True,,,,,True,,True,True,,True,,,True,True,True,True,True,,True,,,True,True,True,,True,,True,,,,,,,,,,True,,,,,True,,,,,,,,True,,,True,,True,True,True,,,True,True,,True,True,True,True,True,True,True,True,True,True,True,True,True,,,True,True,True,True,True,,True,True,True,,,True,,,True,True,True,True,,,True,True,,,True,,True,True,True,True,True,True,True,True,True,True,True,True,,True,True,True,True,True,True,True,True,True,True,True,True,True,True,True,,True,True,True,True,True,,,True,,,,,,,,True,,,,True,True,,True,True,,,True,True,,True,True,True,True,True,,,,,,,,,,,,,,,,,,,,,,,,,0,0,0,0,0
2,2020-09-08,2021-01-16,Northeast Treatment Centers,NET STEPS,2205 Bridge Street,,Philadelphia,PA,19137,,Philadelphia,215-831-6039,,215-743-6150 x6024,,www.netcenters.org,40.010615,-75.069159,SA,True,,True,True,True,True,,True,,,,True,True,True,True,True,True,,True,True,True,,True,True,True,True,True,,,,,,,,True,,True,True,,,True,,,,True,,,,,,True,True,,,,,,,,,,,,True,,True,,,True,,,,,True,True,,True,True,,,,,,,True,,,,,,,,,True,True,,,True,,,,True,,,,,,,True,True,True,True,True,True,,True,True,,,True,,,True,True,True,True,,,True,True,,,True,True,True,True,True,True,,,,True,,True,True,,,True,True,True,True,True,True,,True,True,True,True,True,True,True,True,,True,True,True,True,True,,True,,,,,,,,,True,,,,,,,,,True,True,True,True,,,,,,,,,,,,,,,,,,,,,,,,,,,,,,,0,0,0,0,0
3,2020-09-08,2021-01-16,Merakey Parkside Recovery,,5000 Parkside Avenue,,Philadelphia,PA,19131,,Philadelphia,215-879-6116 x229,Intakes,215-879-6116 x398,866-647-0007,www.merakey.org,39.9796591,-75.2197374,SA,True,,True,True,True,True,True,,True,True,,,,True,True,True,,,True,True,True,True,True,True,True,,,,,,,,,,True,True,True,True,,True,,,,,True,,,,,,True,True,,,,,,,,,,,,True,,True,,,,,True,,,True,True,True,True,True,,,True,,,True,True,True,,,,,True,True,,,True,True,True,True,True,True,True,,,,,,,,True,True,True,True,True,True,,True,True,True,,True,,,True,True,True,True,,,True,,,,True,True,True,True,True,True,,True,True,True,True,True,True,,,True,True,True,True,True,True,True,True,True,True,True,True,True,True,True,,True,,True,True,True,,True,,True,,,,,,True,,,True,True,True,True,,,,True,,True,True,,,,True,True,True,,,,,,,,,,,,,,,,,,,,,,,,,0,0,0,0,0
4,2020-09-08,2021-01-16,Northeast Treatment Centers,,7520 State Road,,Philadelphia,PA,19136,,Philadelphia,267-348-3550,,267-348-3580,,,40.0297839,-75.0269339,SA,True,,True,True,True,True,,True,,,,True,True,True,True,True,True,,True,True,True,,,True,True,True,,,,,,,,,True,,True,True,,,True,,,,True,,,,,,True,True,,,,,,,,,,,,True,,,,,True,,,,,True,True,True,,,,,True,,,True,,True,True,,,,True,True,,True,True,True,True,True,True,True,True,,,,,,,,True,True,True,,True,True,,True,,,,True,,,True,True,True,True,,,True,,,,True,True,True,True,True,True,,,True,,True,True,True,,,True,,True,True,True,True,,True,True,,True,True,True,True,True,,True,,True,True,True,,True,,,,,,,,,True,,,,,,,,,True,True,True,True,,,,True,,,,,,,,,,,,,,,,,,,,,,,,,,,0,0,0,0,0
5,2020-09-08,2021-01-16,Kirkbride Center,,111 North 49th Street,,Philadelphia,PA,19139,,Philadelphia,215-471-2600,Intakes,215-471-2488,215-471-2078,www.kirkbridecenter.com,39.9617037,-75.2184789,SA,True,True,True,True,True,True,True,,,,True,,,True,True,True,,True,True,True,True,True,True,True,,,,,,True,,,,,True,True,True,True,,True,,,,True,,True,True,True,,,,,,,,,,,,,,,,True,,,,True,,,,,,True,True,,,True,,,,,,True,True,True,,,,,,,,,True,True,,True,,,True,True,True,True,,True,,,True,True,True,,True,,True,True,True,,,True,,,True,True,True,True,,,True,True,,,True,,True,True,True,True,,True,True,,True,True,True,,,True,True,True,True,True,True,True,True,True,True,True,True,True,True,True,,True,True,True,True,True,True,,,True,,,,,,,True,,,,True,True,,True,,,,True,True,,,True,True,True,,,,,,,,,,,,,,,,,,,,,,,,,,0,0,0,0,0
6,2020-09-08,2021-01-16,Merakey,Parkside Recovery-Germantown,5429 Germantown Avenue,,Philadelphia,PA,19144,,Philadelphia,215-754-0240 x207,Intakes,215-754-0240 x165,866-647-0007,www.merakey.org,40.0339722,-75.1713648,SA,True,,True,True,True,True,,True,,,,,,True,True,True,True,,True,True,True,,True,True,True,,,,,,,,,,True,True,True,True,,True,,,,,True,,,,,,True,True,,,,,,,,,,,,True,,True,,,,,True,,,True,True,,,,,,,,,,True,True,,True,,,True,True,,,True,True,True,True,True,True,,,,,,,,,True,True,True,True,True,True,True,True,True,True,True,True,,,True,True,True,True,,,True,,,,True,,True,True,True,True,,True,True,True,True,True,True,True,,True,True,True,True,True,True,True,True,True,True,True,True,True,True,,,True,,True,True,True,,True,,,,,,,,,True,,,,,,,,,True,,True,True,,,,,,,,,,,,,,,,,,,,,,,,,,,,,,,0,0,0,0,0
7,2020-09-08,2021-01-16,John F Kennedy Behavioral Health,,907 North Broad Street,,Philadelphia,PA,19123,,Philadelphia,215-235-5520,,,,,39.9704202,-75.1591668,SA,True,,True,True,,True,,,,,,True,True,True,True,True,,,True,True,,True,,True,True,True,,,,,,,,,True,,True,True,,,True,,,,True,,,,,,,,,,,,,,,,,,,,,True,,,True,,,,,True,True,,,,,,,,,,,,,,,,,,,,True,True,,True,,,,,,,,,True,,True,True,True,True,,True,True,True,True,,,True,,,True,True,True,True,,,True,,,,,,True,True,True,True,,,True,,True,True,True,True,,True,True,True,True,True,True,True,True,True,True,True,True,True,True,True,,True,,True,True,,,True,,True,,,,,,,True,,,,,,,,,True,,True,True,,,,,,,,,,,,True,,True,,,True,,,,,,,,True,,,,,,0,0,0,0,0
8,2020-09-08,2021-01-16,Consortium Inc,Methadone Maintenance Program,451 South University Avenue,,Philadelphia,PA,19104,,Philadelphia,215-596-5874 x1203,Intakes,215-596-8000,267-233-5875,,39.9481656,-75.1982371,SA,True,,True,True,True,True,,,,,,,,True,True,True,,,True,True,True,,,True,True,,True,,,,,,,,True,,True,True,,,True,,,,True,,,,,,True,True,,,,,,,,,,,,True,,True,,,True,,,,,True,True,True,True,True,,,True,,,,,,,,,,True,,,,,,,True,,,,,,,,,True,,True,True,True,True,True,True,,True,True,,,True,,,True,True,True,True,,,True,,,,True,True,True,True,True,True,,True,,True,True,True,True,,,True,True,True,True,,True,True,True,True,True,,True,True,True,True,,True,,True,True,True,,True,,True,,,,,,,True,,,,,,,,,True,,True,True,,True,,,,,,,,,,,,,,,,,,,,,,,,,,,,,0,0,0,0,0
9,2020-09-08,2021-01-16,Behavioral Wellness Center,Torre de la Raza,801 West Girard Avenue,,Philadelphia,PA,19122,,Philadelphia,215-787-2407,,,,www.bewellctr.org,39.9708289,-75.1497912,SA,True,,True,True,True,True,,,,,,,,True,True,True,,,True,True,True,,,True,,,,,True,,,,,,True,,True,True,,,True,,,True,,,True,,,,,,,,,,,,,,,,,True,,True,True,,,,,,,True,True,,,,,,,,,True,True,,True,True,,,,True,,,True,True,True,True,True,True,True,True,,,,,,,True,True,True,True,True,True,,True,True,,,True,,,True,True,True,True,,,True,,,,,,True,True,True,True,,True,True,,True,True,True,,,True,True,True,True,True,True,True,True,True,True,True,True,True,True,True,,True,True,True,True,,,True,,True,True,,,,,,True,,,,True,True,,,,,,,True,,,,,,,True,,,,,,,,,,,,,,,,,,,,,,,,0,0,0,0,0
10,2020-09-08,2021-01-16,Northeast Treatment Centers,Wharton Center Residential Rehab,2205 Bridge Street,,Philadelphia,PA,19137,,Philadelphia,215-451-7000,Intakes,215-288-5490,215-289-3350,www.netcenters.org,40.0105756,-75.0691226,SA,True,,True,True,,True,True,,,,,,,True,True,True,,,True,,,True,,True,,,,,True,,,True,,,True,,True,True,,True,,,,True,,True,True,,,,,,,,,,,,,,,,,True,,True,,,True,,,,,,True,,,,,,True,,,True,,True,,,,,True,,,,,True,,,,,True,True,,,,,,,True,True,True,True,True,True,True,True,True,,,True,,,True,True,,True,,,True,,,,True,,True,True,True,True,,,True,True,True,True,,,,True,True,True,True,,,True,True,True,True,,True,True,True,True,,True,True,True,True,True,,True,,,True,,,,,True,,True,,True,,,,,,,True,True,True,,,,True,,,,,,,,,,,,,,,,,,,,,,,,,,,0,0,0,0,0
11,2020-09-08,2021-01-16,Caring Together Addictions and,Mental Health Program for Women,4700 Wissahickon Avenue,"Building C, Suite 102",Philadelphia,PA,19144,,Philadelphia,215-967-2130,,,,www.drexelmed.edu/caringtogether,40.0159527,-75.1724136,SA,True,True,True,True,True,True,True,True,True,,True,,,,,,,,True,True,True,True,True,,True,,,True,True,True,,,,,True,True,True,True,True,True,,,,,True,,,,True,,,True,,,,,,,,,,,,True,True,True,,,,,,,,True,True,True,,True,,,True,True,,,,True,,,,,True,,,,True,,,True,True,True,,,True,True,True,True,,,True,True,True,True,True,True,True,True,True,True,True,True,,,True,True,True,,,,True,,,,True,True,True,True,True,True,,True,True,True,True,True,True,True,,True,True,True,True,,,True,True,True,True,True,True,True,,True,,True,True,True,True,True,,True,,True,,,True,,,True,True,,,True,,,,True,,,,True,True,,True,True,True,,,,,,,,,,,,,,,,,,,,,,,,,,,0,0,0,0,0
12,2020-09-08,2021-01-16,Pathways to Recovery,PHMC,2301 East Allegheny Avenue,2nd Floor,Philadelphia,PA,19134,,Philadelphia,215-731-2402,,,,www.phmc.org,39.9896847,-75.1064647,SA,True,True,True,True,True,True,True,True,,,True,,,,,,,,True,True,True,True,True,,True,,True,True,,True,,,,,True,True,True,True,True,,,True,,,True,,,,True,True,,,,,,,,,,,,,,True,,,,,,,,,,,True,True,True,,,,,,True,,True,True,,,,,,,,,,,,,,,,True,,,True,True,,,True,True,True,True,,True,True,True,True,True,True,True,,,True,True,True,True,,,True,,,True,True,,True,True,True,True,,,,True,True,True,,True,,True,True,True,True,True,True,True,True,True,True,True,True,True,,True,,True,True,True,True,True,,True,,True,,,,,,,True,,,,,,,True,,True,True,True,True,,,True,,,,,,,,,,,,,,,,,,,,,,,,,,,,0,0,0,0,0
13,2020-09-08,2021-01-16,Fairmount Behavioral Health System,,561 Fairthorne Avenue,,Philadelphia,PA,19128,,Philadelphia,215-487-4000 x4000,,215-487-4100,,www.fairmountbhs.com,40.0434166,-75.2215622,SA,True,True,True,True,True,True,True,True,,,True,,,,,,,,True,True,True,True,True,,,,True,True,,True,,,,,True,True,True,True,,True,,,,True,,True,,True,,,,,,,,,True,,,,,,,True,True,True,True,True,,,,,,True,True,True,True,True,,,,,,True,,,,,,,,,,,True,True,,,,,,,True,True,True,,,,True,True,True,True,True,True,,True,True,,,True,,,True,True,True,True,,,True,,,,True,,True,True,True,True,,,,,True,True,True,True,,True,True,,True,True,True,True,True,True,True,True,True,True,True,True,,True,True,,True,True,True,,,,,,,,,,True,,,,True,True,,True,,,True,True,True,,,True,,,,,,,,,,,,,,,,,,,,,,,,,,,,0,0,0,0,0
14,2020-09-08,2021-01-16,Northeast Treatment Centers,Spring Garden Counseling Center,495-499 North 5th Street,,Philadelphia,PA,19123,,Philadelphia,215-451-7100,,877-638-4581,,www.netcenters.org,39.960675,-75.1461249,SA,True,True,True,True,True,True,True,True,,,True,,,,,,,,True,True,True,,True,True,True,,,,True,True,,,,,True,True,True,True,,True,,,,,True,,,,True,,True,True,,,,,,,,,,,,True,True,True,,,True,,,,,True,True,True,,,,,,,,,,,,,,,True,,True,,True,,,,,,,True,True,True,,,,,True,True,True,True,True,True,True,True,True,,,True,,True,,,True,True,,,True,,,,True,,True,True,True,True,,,,,,True,True,True,,True,True,True,True,True,True,,True,True,,True,True,,True,True,,True,,True,True,True,,True,,True,,True,True,,,True,True,,True,True,,,,,,True,True,True,True,True,,True,,,,,,,,,,,,,,,,,,,,,,,,,,,,0,0,0,0,0
15,2020-09-08,2021-01-16,Wedge Medical Center,,4243 Frankford Avenue,,Philadelphia,PA,19124,,Philadelphia,215-276-3922,,,,www.wedgepc.com,40.009661,-75.089174,SA,True,,True,True,True,True,True,True,True,,,,,,,,,,True,True,True,True,True,,True,,,,True,,,,,,True,,True,True,,,True,,,,True,,,,,,True,True,,,,,,,,,,,,True,,True,,,,,,,,True,True,True,,,,,,,,True,True,True,,,,,True,,,,,,,,,,,,,,,,,,True,True,True,True,True,,,True,True,,,True,,,True,True,True,True,True,,True,,,,True,,True,True,True,True,,,,,True,True,True,,,True,True,,True,,True,,True,True,,,True,True,,True,,True,,,True,,True,,,,,,True,,,True,True,,,True,,,,,,,,True,True,,,,,,,,,,,,,,,,,,,,,,,,,,,,,,,0,0,0,0,0
16,2020-09-08,2021-01-16,Wedge Medical Center,,3609 North Broad Street,,Philadelphia,PA,19140,,Philadelphia,215-276-3922,,,,www.wedgepc.com,40.0079730822277,-75.1514786073831,SA,True,,True,True,True,True,True,True,True,,,,,,,,,,True,True,True,True,True,,True,,,,True,,,,,,True,,True,True,,,True,,,,True,,,,,,True,True,,,,,,,,,,,,True,,True,,,,,,,,True,True,True,,,,,,,,True,True,True,,,,,True,,,,,,,,,,,,,,,,,,True,True,True,True,True,,,True,True,,,True,,,True,True,True,True,,,True,,,,True,,True,True,True,True,,,,,True,True,True,,,True,True,,True,,True,,True,True,,,True,True,,True,,True,,True,True,,True,,,,,,True,,,True,True,,,True,,,,,,,,True,True,,,,,,,,,,,,,,,,,,,,,,,,,,,,,,,0,0,0,0,0
17,2020-09-08,2021-01-16,Wedge Medical Center,,2009 South Broad Street,,Philadelphia,PA,19148,,Philadelphia,215-276-3922,,,,www.wedgepc.com,39.9254541517702,-75.1694420049002,SA,True,,True,True,True,True,True,True,True,,,,,,,,,,True,True,True,True,True,,True,,,,True,,,,,,True,,True,True,,,True,,,,True,,,,,,True,True,,,,,,,,,,,,True,,True,,,,,,,,True,True,True,,,,,,,,True,,True,,,,,True,,,,,,,,,,,,,,,,,,True,True,True,True,True,,,True,True,,,True,,,True,True,True,True,,,True,,,,True,,True,True,True,True,,,,,True,True,True,,,True,True,,True,,True,,True,True,,,True,True,,True,,True,,,True,,True,,,,,,True,,,True,True,,,True,,,,,,,,True,True,,,,,,,,,,,,,,,,,,,,,,,,,,,,,,,0,0,0,0,0
18,2020-09-08,2021-01-16,Philadelphia VA Medical Center (PVAMC),Addiction Recovery Unit,39th and Woodland Avenue,,Philadelphia,PA,19104,,Philadelphia,215-823-4070,,215-823-4014,,,39.9496679,-75.2015413,SA,True,True,True,True,True,True,,True,,,True,,,,,,,,True,True,True,True,True,True,True,,,,,True,,,,,True,,True,True,,True,,,True,True,True,True,True,,True,,,True,True,True,,True,,True,,,,,,,,,,True,,,,,True,,,,,,,,True,,,True,,True,True,True,,,True,True,,True,True,True,True,True,True,True,True,True,True,True,True,True,,,True,True,True,True,True,True,True,True,True,,,True,,,True,True,True,True,True,,True,True,,,True,,True,True,True,True,True,True,True,True,True,True,True,True,,True,True,True,True,True,True,True,True,True,True,True,True,True,True,True,,True,True,True,True,True,,,True,,,,,,,,True,,,,True,True,,,True,,,True,True,,True,True,True,True,True,,,,,,,,,,,,,,,,,,,,,,,,,0,0,0,0,0
19,2020-09-08,2021-01-16,Thomas Jefferson University,Narcotic Addiction Rehab Program,NE Corner of South 21st Street and,"Washington Avenue, 1st Floor",Philadelphia,PA,19146,,Philadelphia,215-735-5979,,,215-790-9942,www.jefferson.edu,39.936108,-75.1789242,SA,True,,True,True,True,True,,,True,,,True,True,True,True,True,,,,,,,,True,True,True,,,,,,,,,True,,True,True,,True,,,,,True,,,,,,True,True,,,,,,,,,,,,True,,True,,True,,,,,,True,True,True,True,,,,,,,,,True,,,,,True,,,,True,True,True,True,,,,True,,,,,,,True,True,True,True,True,,True,True,True,,,True,,,True,True,True,True,,,True,,,,True,,True,True,True,True,,True,True,True,True,True,True,True,,True,True,True,True,True,True,True,True,True,True,True,,True,True,True,,True,True,True,True,True,,True,,,,,,True,,,,,,,,,,,,True,True,True,True,True,,,True,,,,,,,,,,,,,,,,,,,,,,,,,,,0,0,0,0,0
20,2020-09-08,2021-01-16,Gaudenzia Inc,Together House/People With Hope,1306 Spring Garden Street,8th Floor,Philadelphia,PA,19123,,Philadelphia,215-238-2163 x2216,Intakes,215-238-2163 x2293,215-413-8268 x2242,www.gaudenzia.org,39.9618338,-75.1596912,SA,True,True,True,True,True,True,,True,,,True,,,,,,,,True,True,True,True,True,,True,,,,,True,,,,,True,,True,True,,,True,,,True,True,True,True,True,,True,True,True,,,,,,,,,,,,True,,True,,,True,,,,,True,True,,True,True,True,,True,True,,,,True,True,True,,,True,,,,True,True,True,True,True,True,,True,True,True,,,,,True,True,True,True,True,True,,True,True,,,True,,,True,True,True,True,,,True,,,True,True,,True,True,True,True,,True,True,True,True,True,,True,,True,True,True,True,,,True,True,True,True,,True,True,True,True,,True,True,True,,True,,True,,True,,,,,,,True,,,,True,True,,,,,,True,True,,,True,True,,,,,,,,,,,,,,,,,,,,,,,,,,,0,0,0,0,0
21,2020-09-08,2021-01-16,Merakey Parkside Recovery,Knights Road,11082 Knights Road,,Philadelphia,PA,19154,,Philadelphia,215-632-9040 x190,Intakes,866-647-0007,215-632-9040 x234,www.merakey.org,40.0836056,-74.975261,SA,True,,True,True,True,True,True,,True,,,,,,,,,,True,True,True,True,True,,True,,,,True,,,,,,True,,True,True,,True,,,,,True,,,,,,True,True,,,,,,,,,,,,True,True,True,,True,,,True,,,,True,True,True,,,,True,,,,,True,,,,,,,,,,,,True,True,True,,,,,,,,,True,True,True,True,True,True,,,True,True,,True,,,True,True,True,True,,,True,,,,True,,True,True,True,True,,True,,True,,True,,,,True,True,True,True,,,,True,True,True,,True,,,True,,True,,True,,,,True,,True,,,True,,,,True,,,,,,,,,,,True,True,,,,,,,,,,,,,,,,,,,,,,,,,,,,,,,0,0,0,0,0
22,2020-09-08,2021-01-16,Penn Presbyterian Medical Center,Inpatient Substance Use Treatment,51 North 39 Street,"Wright Saunders Building, 4th Floor",Philadelphia,PA,19104,,Philadelphia,215-662-8884,Intakes,215-662-8747,215-662-8283,www.med.upenn.edu/recovery,39.9584406,-75.1994594,SA,True,True,True,True,True,True,True,True,,,True,,,,,,,,True,True,True,True,,,,,,,,True,,,,,True,,True,,,True,,,True,True,,True,,True,,,,,True,True,,True,,,,,,,,True,,True,True,True,,,,,,True,True,True,True,True,,,,True,True,,,,,,,,,,,,,,,,,,,True,True,True,True,True,True,,True,True,True,,True,True,,True,,,True,True,,,True,True,True,True,,,True,,,,,,True,True,True,True,,,True,,True,True,,,,True,True,,True,True,,True,True,True,True,,True,True,True,True,,True,True,True,True,True,,True,,True,,,,,,,True,,,,,,,,,,,True,True,,,True,,,,,,,,,,,,,,,,,,,,,,,,,,,,0,0,0,0,0
23,2020-09-08,2021-01-16,Beacon Point Recovery Center,,2301 East Allegheny Avenue,,Philadelphia,PA,19134,,Philadelphia,215-337-2950,,,,,39.9896847,-75.1064647,SA,True,True,True,,True,True,True,,True,True,True,,,,,,,,True,True,True,True,,,,,,,,True,,,,,True,True,True,True,True,,True,,True,True,,True,True,True,,,,,True,,,,,,,,,,,True,,,,,,,,,,True,,,True,True,,,,,,,True,True,,,,,,,,,True,True,,True,True,,,True,True,True,True,True,True,True,True,True,True,True,True,True,,True,True,,,True,,,True,True,True,True,,,True,True,True,True,True,,True,True,True,True,True,,,True,True,True,True,,,True,True,,True,True,True,True,True,True,True,True,True,True,True,True,,True,True,True,,,True,,,True,,,,,,,True,,,,,,True,True,,,,True,True,True,True,True,,,,,,,,,,,,,,,,,,,,,,,,,,,,0,0,0,0,0
24,2020-09-08,2021-01-16,Family Center of Thomas Jefferson Univ,Specialized Program for Preg Women,1233 Locust Street,4th Floor,Philadelphia,PA,19107,,Philadelphia,215-955-8577,,,,www.jefferson.edu,39.9479863,-75.1618801,SA,True,,True,True,True,True,True,True,,,,,,True,True,True,True,,,,,,,True,True,,,,,,,,,,True,,True,True,,,True,,,,True,,,,,,True,True,,,,,,,,,,,,True,,True,,True,,,,,,True,True,True,True,True,,,True,,,,,True,True,,,,True,,,True,True,,True,True,True,True,,True,,,,,,,True,True,True,True,True,True,True,True,True,,,True,,,True,True,True,,,,True,,,True,True,True,True,True,True,True,,True,True,,True,True,True,,,True,True,True,True,True,True,True,True,True,True,True,True,True,True,True,,True,True,True,True,True,,True,,,,,,,True,,,,,,,,,,True,True,,True,True,,,,,,,,,,,,,,,,,,,,,,,,,,,,,,,0,0,0,0,0
25,2020-09-08,2021-01-16,Interim House Inc,,333 West Upsal Street,,Philadelphia,PA,19119,,Philadelphia,215-849-4606 x6617,Intakes,215-849-4606 x6607,215-849-4606 x6602,www.interimhouse.org,40.043181,-75.188918,SA,True,,True,True,True,True,True,,True,,,,,,,,,,True,True,True,True,True,,True,,,,,,,True,,,True,True,True,True,,True,,,,True,True,True,True,,,,True,True,,,,,,,,,,,,True,,,,,,,,,,True,True,,,,,,True,True,,,,True,,,,,True,,,,True,,,,,,,True,,,,,True,,True,True,,,True,True,True,True,True,,,True,,,True,True,True,,,,True,True,,True,True,,True,True,True,True,,True,True,True,True,True,True,,,True,True,True,True,True,True,True,True,True,True,True,True,True,True,True,,True,True,True,True,True,,True,,True,,,,,,,True,,,,True,True,True,True,,True,True,True,True,True,True,,True,True,True,,,,,,,,,,,,,,,,,,,,,,,,,0,0,0,0,0
26,2020-09-08,2021-01-16,Gaudenzia DRC Inc,,3200 Henry Avenue,,Philadelphia,PA,19129,,Philadelphia,215-991-9700 x279,Intakes,215-991-9700 x220,610-416-4935,www.gaudenzia.org,40.0093619,-75.1812822,SA,True,,True,True,True,True,,True,,,,,,,,,,,True,True,True,True,True,,True,,,,True,,,True,,,True,True,True,True,True,True,,,,True,True,True,True,,,True,True,True,,,,,,,,,,,,True,True,True,,,,,,,,True,True,True,,True,,,True,True,True,,True,True,True,True,,,True,True,,,True,True,True,True,True,True,True,,,,,,,,True,True,True,,True,True,True,True,True,True,,True,,,True,True,True,True,,,True,,,,True,,True,True,True,True,,True,True,True,True,True,True,,,True,True,True,True,True,True,True,True,True,True,True,True,True,True,True,,True,True,True,True,True,,True,,True,True,True,,,,,True,,,,True,True,,True,,,,True,True,,,,,,,,,,,,,,,,,,,,,,,,,,,,,,,0,0,0,0,0
27,2020-09-08,2021-01-16,Rehab After Work,,1420 Walnut Street,Suite 500,Philadelphia,PA,19102,,Philadelphia,215-546-2200,,,610-644-6464,www.rehabafterwork.com,39.9492642,-75.1654596,SA,True,,True,True,True,True,True,,True,,,,,,,,,,True,True,True,True,,,True,,,,,,,,,,True,True,True,True,True,,,True,,,True,,,,,True,True,True,,,,,,,,,,,,True,True,True,,,True,True,True,,,True,,,,True,True,,,True,,True,,True,True,True,True,True,True,True,True,True,True,True,True,True,True,True,True,,,,,,True,True,True,True,True,True,True,True,True,True,True,True,,True,,,,,True,True,True,,True,True,,True,True,,True,True,True,True,True,True,,True,,True,,True,,True,True,True,True,,,True,True,True,True,,True,,,,,,,,True,True,True,,,True,,,,,,,True,,,,,,,,True,True,,True,True,,True,,,,,,,,,,,,,,,,,,,,,,,,,,,,,0,0,0,0,0
28,2020-09-08,2021-01-16,SOAR Corporation,,9150 Marshall Street,Suite 18,Philadelphia,PA,19114,,Philadelphia,215-464-4450,,,,www.soarcorp.org/,40.0738603,-75.0310871,SA,True,,True,True,True,True,,True,,,,,,True,True,True,True,,,,,,,True,True,,,,,,,,,,True,,True,True,True,,True,,,,True,,,,,,True,True,,,,,,,,,,,,True,,True,,,True,,,,,,True,,,True,,,,,,,True,True,,,,,,True,,True,True,True,True,True,True,True,True,,,,,,True,,True,True,True,True,True,True,True,True,True,True,,True,,,True,True,True,True,,,True,,,True,True,,True,True,True,True,,True,True,True,True,True,True,True,,True,True,True,True,True,True,True,True,True,True,True,True,True,True,True,,True,,True,True,True,True,,,True,,,,,True,,,,,,,,,,,,,True,True,,,,,,,,,,,,,True,,,,,,,,,,True,,,,,,,,0,0,0,0,0
29,,2021-01-16,Total Recovery at Penn Medicine,,"4040 Market Street, 2nd Floor",Suites 200 and 220,Philadelphia,PA,19104,,Philadelphia,215-662-8747,,,215-662-8724,www.med.upenn.edu/recovery,39.9589229,-75.2006364,SA,True,,True,True,True,True,True,,,,,,,,,,,,True,True,True,True,True,,True,,,,,,,,,,True,,True,,,True,,,,,True,,,,,,True,True,,,,True,,,,,,,,True,,True,True,True,,,,,,True,True,True,True,True,,,,True,True,,,,,,,,,,,,,,,,,,,True,,,,,,,True,True,True,,True,True,,True,,,True,True,,,True,True,True,True,,,True,,,,True,,True,True,True,True,,,True,,True,True,,True,,True,True,True,True,,,True,True,True,True,,True,True,True,True,,True,True,True,True,True,,True,,True,,,,,,,True,,,,,,,,,,,True,True,,,,,,,,,,,,,,,,,,,,,,,,,,,,,,,0,0,0,0,0
30,,2021-01-16,Self Help Movement Inc,,2600 Southampton Road,,Philadelphia,PA,19116,,Philadelphia,215-677-7778,,,215-915-0002,www.selfhelpmovement.org,40.1153855,-74.9904682,SA,True,,True,True,True,True,True,,,,,,,,,,,,True,True,True,True,True,,,,,,True,,,True,,,True,True,True,True,True,,True,,,True,,True,True,,,,,,,,,,,,,,,,,True,,True,,,True,,,,,True,True,,,True,,,True,,,,,,,,,,,,,,,True,,,,,,True,,,,,,,True,True,True,,True,True,True,True,True,,,True,,True,,,,True,,,True,,,,True,,,True,True,True,,,True,True,True,True,True,,,True,True,True,True,,,True,True,True,True,,True,True,True,True,,True,True,True,True,True,,True,,,True,True,True,,,True,,True,True,,,,,,,True,True,True,True,,,,True,,,,,,,,,,,,,,,,,,,,,,,,,,,0,0,0,0,0
31,2020-09-08,2021-01-16,Gaudenzia Inc,ReEntry House,5401 Wayne Avenue,,Philadelphia,PA,19144,,Philadelphia,215-438-5082,,,484-678-7358,www.gaudenzia.org,40.0296047,-75.1745567,SA,True,,True,True,,True,True,,True,,,,,,,,,,True,True,True,True,True,,,,,,True,,,True,,,True,True,True,True,True,True,,,,True,,,True,,,,,,,,,,,,,,,,,True,,True,,,True,,,,,True,True,,True,,,,,,,True,True,True,True,True,,,True,True,,,,True,True,True,True,True,,,,,,,True,,True,True,True,True,True,True,True,True,True,,,True,,,True,True,,True,,,True,,,,True,,,True,True,True,,True,True,True,True,True,,,,True,True,True,True,,,True,True,True,True,,True,True,,,,True,True,True,True,True,,True,,,,True,True,,,,True,,,,True,True,,True,,,,True,True,True,True,,True,,,,,,,,,,,,,,,,,,,,,,,,,,,0,0,0,0,0
32,2020-09-08,2021-01-16,Public Health Management Corp,Chances,1200 Callowhill Street,Suite 102,Philadelphia,PA,19123,,Philadelphia,215-923-0218 x5231,Intakes,215-923-0218 x5228,215-923-0751,www.phmc.org,39.959067,-75.158713,SA,True,,True,,True,True,,,True,,,,,,,,,,True,True,True,True,True,,True,,,,True,,,,,,True,True,True,True,,,True,,,,True,,,,,,True,True,,,,,,,,,,,,True,,True,,,,,,,,,True,True,,,,,,,,True,True,True,True,True,,,True,True,,True,True,True,True,True,True,True,True,,,,,,,,True,True,,,True,True,True,True,True,True,True,True,,,True,True,True,True,,,True,,,,True,True,True,True,True,True,,True,,,True,True,,True,,True,True,True,True,,,True,,True,True,,True,,,,,,,True,,,,True,,,True,,,,,,True,,,,,,,,True,,,True,True,,,,,,,,,,,,,,,,,,,,,,,,,,,,,,,0,0,0,0,0
33,,2021-01-16,Gaudenzia Inc,Outreach II,39 East Schoolhouse Lane,,Philadelphia,PA,19144,,Philadelphia,215-849-7200 x2481,,215-849-7200,,www.gaudenzia.org,40.0351545,-75.1721628,SA,True,,True,True,True,True,,,,,,,,,,,,,True,True,,True,True,,True,,True,,True,,,,,,True,,True,True,True,,True,,,,True,,,,,,True,True,,,,,,,,,,,,True,,,,,True,,,,,True,True,,True,True,True,,,True,True,,,True,,,,,True,,,,True,True,,,,,True,,,,,,,,True,True,True,,True,True,True,True,True,True,,True,,,True,True,True,True,,,True,,,,,True,True,,True,True,,,,,,,,True,,True,True,True,True,,,True,True,True,True,,True,,,True,,True,,True,,,,True,,,True,True,True,,,True,True,True,True,True,,,,,,,,True,True,,,,,,,,,,,,,,,,,,,,,,,,,,,,,,,0,0,0,0,0
34,2020-09-08,2021-01-16,Mazzoni Center,Behavioral Health Services,1348 Bainbridge Street,,Philadelphia,PA,19147,,Philadelphia,215-563-0652 x248,,,,www.mazzonicenter.org,39.9425007,-75.1651079,SA,True,,True,,True,True,True,,,,,,,,,,,,True,True,True,True,True,,True,,,,,,,,,,True,True,True,True,True,True,,,,,True,,,,,,True,True,,,,,,,,,,,,True,,True,,,,,,,,True,True,True,,True,,,True,,,,,,True,,,,,,,,,,True,,,,,True,,,,,,,True,True,True,True,True,True,,True,,,,True,,True,,True,True,True,,,True,True,True,,,,True,True,True,True,True,,True,,True,,True,True,,True,True,,True,,,True,True,True,,True,,,,True,,,True,True,True,True,,True,,True,,,,,,True,True,True,True,True,,,,,,,,,,,,,,,,,,,,,,,,,,,,,,,,,,,,,,,,0,0,0,0,0
35,2020-09-08,2021-01-16,Jefferson Outreach Program,Department of Psychiatry,833 Chestnut Street East,Suite 210-E,Philadelphia,PA,19107,,Philadelphia,215-503-2823,Intakes,215-509-2823,215-955-8856,www.jefferson.edu/university/jmc/departments/psychiatry/clinical/programs.html,39.9501406,-75.1549182,SA,True,,True,True,True,True,,,,,,,,,,,,,True,,True,True,True,,True,,,,True,,,,,,True,,True,True,,True,,,,,True,,,,,,,True,,,,,,,,,,,,True,,True,,,,,,,,True,True,,True,,,,,True,,True,,True,,,,,,,,,True,True,,,,,,True,,,,,,,True,,True,True,True,,,True,True,,,True,,,True,True,True,True,,,True,,,,,,True,True,True,True,True,True,,,True,True,,True,,True,True,,True,,,,True,True,True,,True,True,,True,,True,True,,True,True,,True,,,,,True,,,,True,,,,,,,,,,,,True,,,,,,,,,,,,,,,,,,,,,,,,,,,,,,,0,0,0,0,0
36,2020-09-08,2021-01-16,Consortium Inc,Drug Abuse Rehabilitation Program,451 South University Avenue,,Philadelphia,PA,19104,,Philadelphia,215-596-8000 x1203,,215-596-8000 x1252,,,39.9481656,-75.1982371,SA,True,,True,True,True,True,,,,,,,,,,,,,True,True,True,,,True,True,,True,,,,,,,,True,,True,True,,,True,,,,True,,,,,,True,True,,,,,,,,,,,,True,,True,,,True,,,,,True,True,True,True,True,,,True,,,,,,,,,,True,,,,,,,True,,,,,,,,,True,,True,True,True,True,True,True,,True,True,,,True,,,True,True,True,True,,,True,,,,True,True,True,True,True,True,,True,,True,True,True,True,,,True,True,True,True,,True,True,True,True,True,,True,True,True,True,,True,,True,True,True,,True,,True,,,,,,,True,,,,,,,,,True,,True,True,,True,,,,,,,,,,,,,,,,,,,,,,,,,,,,,0,0,0,0,0
37,2020-09-08,2021-01-16,Greater Philadelphia Asian Social Serv,GPASS SAFE,4943 North 5th Street,,Philadelphia,PA,19120,,Philadelphia,215-456-1662,,,,www.gpasspa.org,40.0269374,-75.1323504,SA,True,,True,,True,True,,,,,,,,,,,,,True,True,True,True,True,,True,,,,True,,,,,,True,True,True,True,True,True,,,,,True,,,,,,True,True,,,,,,,,,,,,True,True,True,,,,,,,,True,True,True,True,True,,,True,True,,,True,True,,,,,True,,,,,,,True,True,True,,,,,,,True,,True,True,True,True,True,True,True,True,True,True,True,True,,,True,True,True,True,True,,True,,,True,,,True,True,True,True,,,True,True,True,True,True,True,,True,True,True,True,,,,True,True,True,,True,True,True,True,,True,,,True,True,,True,,True,True,True,,,,,True,,,,,,,,,,True,True,True,,True,,,,,,True,True,,,,,,,,,,,True,True,,,,True,,,,,,0,0,0,0,0
38,2020-09-08,2021-01-16,Mercy Philadelphia Hospital,Department of Psychiatry,501 South 54th Street,,Philadelphia,PA,19143,,Philadelphia,215-748-9391,Intakes,215-748-9525,215-748-9021,www.mercyhealth.org,39.9513676,-75.2292187,SA,True,True,,,,,,,,,,,,True,True,True,,,True,True,True,,True,True,,,,,True,True,,,,,True,,,True,,True,,,True,,,,,,,,,,True,True,,True,,,,,,,,True,True,True,,True,,,,,,True,True,True,True,True,True,,,,,True,,True,,,,,,,,,,,,,,,,True,True,True,True,True,,,,,,,,True,,True,True,,,,,,True,True,True,True,,,True,True,,True,,,,,True,,,,,,,True,True,True,,,True,,,,True,,,True,True,,,True,,True,,True,,,,,,True,,True,True,True,,,,True,True,,True,,True,True,,,,,,True,,True,True,True,,,True,,,,,,,,,,,,,,,,,,,,,,,,,0,0,0,0,0
39,2020-09-08,2021-01-16,Gaudenzia Inc,Winner Co Occurring/WN and Child Prog,1834 West Tioga Street,,Philadelphia,PA,19140,,Philadelphia,215-228-7595,,215-228-7977,,www.gaudenzia.org,40.006923,-75.159757,SA,True,,True,,,True,True,,True,,,,,,,,,,True,,True,True,,,,,True,,True,,,,,,True,True,True,True,True,True,,,,True,,,True,,,,,,,,,,,,,,,,,True,True,True,,,True,,,,,True,True,True,True,True,True,,True,,True,True,,True,True,True,True,True,True,True,True,True,True,,True,True,True,True,True,True,,,,,True,,True,True,True,,True,True,True,True,True,True,True,True,True,True,,,True,True,,,True,True,,True,True,True,True,True,True,True,True,True,True,True,True,True,,True,True,True,True,True,True,,,True,True,True,True,,True,True,,True,,True,True,True,True,True,,True,,True,,True,True,,,True,True,,True,True,True,True,True,True,True,True,,True,True,True,True,,True,,,,,,,,,,,,,,,,,,,,,,,,,,,0,0,0,0,0
40,2020-09-08,2021-01-16,Horizon House Therapeutic,Susquehanna Park Residential Comm,2137 North 33rd Street,,Philadelphia,PA,19121,,Philadelphia,215-765-8051 x149,,,215-765-8051 x101,www.hhinc.org,39.9900532,-75.1865028,SA,True,,True,True,,True,,,,,,,,,,,,,True,True,True,True,True,,,,,,True,,,True,,,True,True,True,True,True,True,,,,True,,True,True,,,,,,,,,,,,,,,,,True,,True,,,,,,,,,True,,True,,,,True,,True,,,True,True,True,,,True,True,,,,True,True,True,True,True,True,True,,,,,True,,True,True,True,True,True,True,True,True,True,,,True,,,True,True,,True,,,True,,,True,True,,True,True,True,True,,True,,True,True,True,True,,,True,True,True,True,,True,True,True,True,True,,True,True,,True,,True,True,True,True,True,,True,,,,,True,,,,True,,,,,,,,,True,,True,True,,,,True,,,,,,,,,,,,,,,,,,,,,,,,,,,0,0,0,0,0
41,,2021-01-16,North Philadelphia Health System,DD/FI,801 West Girard Avenue,"GMC Building, 4th Floor",Philadelphia,PA,19122,,Philadelphia,215-787-2000,,,,,39.9708289,-75.1497912,SA,True,True,True,True,True,True,,,,,,,,,,,,,True,True,True,,,,,,,,True,,,,,,True,True,True,True,True,,True,,,True,,True,,True,,,,,,,,,,,,,,,,,,,,,True,,,,,,True,,True,,,,,,,,,True,True,,,,True,,,,True,True,True,True,True,True,,True,,,,,,,True,True,True,True,True,True,True,True,True,,,True,,True,True,True,True,True,,,True,,,,True,,True,True,True,True,,,,,True,True,True,,,True,True,True,True,True,True,True,True,True,True,True,,True,,True,,True,True,True,True,True,,True,,,True,,,,True,,,,,,True,True,,,True,True,,True,True,,,,True,,,,,,,,,,,,,,,,,,,,,,,,,,,0,0,0,0,0
42,,2021-01-16,Gaudenzia Inc,New Image Women and Children,1300 East Tulpehocken Street,,Philadelphia,PA,19138,,Philadelphia,215-924-6322 x2851,,,215-238-2163 x2204,www.gaudenzia.org,40.0563961,-75.1641601,SA,True,,True,True,,True,,,,,,,,,,,,,True,True,True,True,,,,,,,True,,,,,,True,True,True,True,True,True,,,,True,,True,True,,,,,,,,,,,,,,,,,True,,True,,,True,True,,,,,True,True,,,,,,,,,,True,True,,,,True,,,True,True,,True,True,True,True,True,,,,,,,,True,True,True,,True,True,True,True,True,True,True,True,True,,True,True,True,,,,True,,,,True,True,True,True,True,True,,True,True,True,True,True,True,True,,True,True,True,True,True,True,True,True,True,True,True,True,True,True,True,,True,True,True,True,True,,True,,,,True,,,,True,True,True,True,True,True,True,,True,,True,,True,True,True,True,,True,,,,,,,,,,,,,,,,,,,,,,,,,,,0,0,0,0,0
43,,2021-01-16,Southwest Nu Stop,,5616 Woodland Avenue,,Philadelphia,PA,19143,,Philadelphia,215-729-2014,,,,www.swnustop.com,39.9337875,-75.2220817,SA,True,,True,True,True,True,,,,,,,,,,,,,True,,,True,,,,,,,True,,,True,,,True,True,True,,,True,,,,,True,,,,,,True,True,,,,,,,,,,,,True,,,,,,,,,,,True,,,,,,,,,,,,,,,,,,,,True,True,,,,,,,,,,,,,True,True,,,,True,,True,,,,True,,,True,True,True,True,True,,,,,,True,,,True,True,True,,,,,,,True,,,,,True,True,True,True,,True,True,,,True,,,,,True,,,True,,True,,,,,,True,,,,True,,,,,,,,,,,True,,,,,,,,,,,,,,,,,,,,,,,,,,,,,,,,0,0,0,0,0
44,,2021-01-16,North Philadelphia Health Systems,Miracles in Progress,801 West Girard Avenue,GMC Building,Philadelphia,PA,19122,,Philadelphia,215-787-2313,,215-787-2407,,www.nphs.com,39.9708289,-75.1497912,SA,True,,True,True,,True,,,,,,,,,,,,,True,True,True,,,,,,,,True,,,,,,True,True,True,True,True,,True,,,True,,True,True,,,,,,,,,,,,,,,,,True,,True,True,,,,,,,,True,,True,,,,,,,True,True,True,True,True,,,True,,,,True,True,True,True,True,True,True,,,,,,,,True,True,True,True,True,True,True,True,True,,,True,,,True,True,True,True,,,True,,,,True,,True,True,True,True,,,,,True,True,,True,,,True,True,True,True,True,True,True,True,True,,,True,True,True,,True,True,True,True,True,,True,,True,True,True,,,True,,,,,,True,True,,,True,,,True,True,,True,,,,,,,,,,,,,,,,,,,,,,,,,,,,,0,0,0,0,0
45,,2021-01-16,Girard Medical Center,The Return Program,801 West Girard Avenue,,Philadelphia,PA,19122,,Philadelphia,215-787-2313,,215-787-2407,,www.nphs.com,39.9708289,-75.1497912,SA,True,,True,True,,True,,,,,,,,,,,,,True,True,True,,,,,,,,True,,,,,,True,True,True,True,True,,True,,,True,,True,True,,,,,,,,,,,,,,,,,True,,True,True,,,,,,,,True,,True,,,,,,,True,True,True,True,,,,True,,,,True,True,True,True,True,True,True,,,,,,,,True,True,True,True,True,True,True,True,True,,,True,,,True,True,True,True,,,True,,,,True,,True,True,True,True,,,,,True,True,,True,,,True,True,True,True,True,True,True,True,True,,,True,True,True,,True,True,True,True,True,,True,,True,True,True,,,True,,,,,,True,True,,,True,,,True,True,,True,,,,,,,,,,,,,,,,,,,,,,,,,,,,,0,0,0,0,0
46,2020-09-08,2021-01-16,Behavioral Wellness Center,RTFA,801 West Girard Avenue,"Tower Building, 4th Floor",Philadelphia,PA,19122,,Philadelphia,215-787-2407,,,,www.bewellctr.org,39.9711839,-75.1501385,SA,True,,True,True,,True,,,,,,,,,,,,,True,True,True,,,,,,,,True,,,,,,True,,True,True,,,True,,,True,,,True,,,,,,,,,,True,,,,,,,True,True,True,True,,True,,,,,True,True,,,,,,True,True,,True,,True,True,True,,,True,True,,,True,True,True,True,True,True,True,True,,,,,,,True,True,True,True,True,True,,True,True,,,True,,,True,True,True,True,,,True,,,,True,,True,True,True,True,,True,True,,True,True,True,,,True,True,True,True,True,True,True,True,True,True,True,,True,True,True,,True,True,True,True,True,,True,,True,True,,,,,True,,True,,,True,True,,,,,,True,True,,,,,,,,,,,,,,,,,,,,,,,,,,,,,,,0,0,0,0,0
47,2020-09-08,2021-01-16,Behavioral Wellnes Center,Forensic Intensive Recovery Residence,801 West Girard Avenue,,Philadelphia,PA,19122,,Philadelphia,215-787-2407,,,,www.bewellctr.org,39.9711298,-75.1496002,SA,True,,True,True,,True,,,,,,,,,,,,,True,True,True,,,,,,,,True,,,,,,True,True,True,True,True,,True,,,True,,True,True,,,,,,,,,,,,,,,,,True,,True,True,,,,,,,,True,,True,,,,,,,True,True,True,True,True,,,True,,,,True,True,True,True,True,True,True,,,,,,,,True,True,True,True,True,True,True,True,True,,,True,,,True,True,True,True,,,True,,,,True,,True,True,True,True,,,,,True,True,,True,,,True,True,True,True,True,True,True,True,True,,,True,True,True,,True,True,True,True,True,,True,,True,True,True,,,True,,,,,,True,True,,,True,,,True,True,,True,,,,,,,,,,,,,,,,,,,,,,,,,,,,,0,0,0,0,0
48,2020-09-08,2021-01-16,Interim House West Inc,Public Health Management Corporation,4108 Parkside Avenue,,Philadelphia,PA,19104,,Philadelphia,215-871-0300,,,,www.phmc.org,39.97523,-75.207357,SA,True,,True,True,True,True,True,True,,,,,,,,,,,True,True,True,True,,,,,,,,,,,,,True,True,True,True,,True,,,,True,,True,True,,,,,,,,,,,,,,,,,True,,,,,,,,,,,True,,True,,,,True,,,,,True,True,,,,True,,,True,True,,True,True,True,True,True,True,,,,,,,True,True,True,True,True,True,True,True,True,,,True,True,,True,True,True,,,,True,,,,True,True,True,True,True,True,True,True,True,True,True,True,True,,,True,True,True,True,True,True,True,True,True,True,True,True,True,True,True,,True,True,True,True,True,,True,,,,,,,,,True,,,,True,True,,True,True,True,,True,True,,True,,True,,,,,,,,,,,,,,,,,,,,,,,,,,,0,0,0,0,0
49,,2021-01-16,Behavioral Wellness Center,Goldman Clinic,801 West Girard Avenue,"1st, 2nd and 4th Floor, Cedar Tower",Philadelphia,PA,19122,,Philadelphia,215-787-2070,,215-787-2080,,www.bewellctr.org,39.9711839,-75.1501385,SA,True,,,,,,,,,,,,True,True,True,True,True,,,,,,,True,True,True,,,,,,,,,True,,True,True,True,,True,,,,True,,,,,,True,True,,,,,,,,,,,,True,True,True,True,,True,,,,,True,True,True,True,,,,,True,True,True,True,True,,,,,,,,True,True,True,,True,,True,,,,,,,,,True,True,True,,True,True,True,True,True,True,True,True,,,True,True,True,True,,,True,,,,True,,True,True,True,True,,True,True,True,True,,True,True,,,,True,True,,True,True,True,True,True,,True,True,True,True,,True,True,True,True,True,,True,,,,,,True,,,,,,,,,,,,True,,True,True,,,,,,,,,,,,,,,,,,,,,,,,,,,,,,,0,0,0,0,0
50,2020-09-08,2021-01-16,My Sisters Place,Thomas Jefferson University,1239 Spring Garden Street,,Philadelphia,PA,19123,3206,Philadelphia,215-763-1020,,215-955-3792,,www.jefferson.edu,39.9622834,-75.1590756,SA,True,,True,True,True,True,True,True,,,,,,,,,,,,,,,,,,,,,True,,,,,,True,,True,True,,True,,,,True,,True,True,,,,,,,,,,,,,,,,,True,,True,,,,,,,,True,True,,True,,,,True,,,,,True,True,,,,True,,,True,True,,True,True,True,True,,True,,,,,,,True,True,True,True,True,True,,True,True,,,True,True,,True,True,True,,,,True,,,True,True,True,True,True,True,True,,True,True,,True,True,True,,,True,True,True,True,True,True,True,True,True,True,True,True,True,True,True,,True,True,True,True,True,,True,,,True,,,,True,,,,,,,,,,True,True,,True,True,,,,True,,,,,,,,,,,,,,,,,,,,,,,,,,,0,0,0,0,0
51,2020-09-08,2021-01-16,Northeast Treatment Centers,Frankford,4625 Frankford Avenue,,Philadelphia,PA,19124,,Philadelphia,267-597-3921,,215-451-7100,,,40.0152008,-75.084795,SA,True,,True,True,True,True,True,,,,,,,,,,,,,,,,,,True,,,,True,,,,,,True,,True,True,True,True,,,,,True,,,,,,,True,,,,,,,,,,,,True,True,True,,,,,,,,True,True,True,,,,,,,,,,,,,,,True,,,,,,,,,,,,,,,,,,True,True,True,True,True,True,True,True,True,True,True,True,,,True,True,True,True,,,True,,,,True,,,True,True,True,,,,True,True,True,True,True,,,,True,True,True,True,,True,True,True,,True,True,,,,True,,True,True,True,,True,,,,,True,,True,True,,,,True,,,,,,True,,True,True,,,,,,,,,,,,,,,,,,,,,,,,,,,,,,,0,0,0,0,0
52,,2021-01-16,Addiction Medicine and Health,Advocates Inc,928 Market Street,,Philadelphia,PA,19107,,Philadelphia,215-923-4202,,215-923-4202 x101,,www.amhainc.org,39.9513917951433,-75.1555972114526,SA,True,,,,,,,,,,,,True,True,True,True,,,,,,,,True,True,True,,,,,,,,,True,True,True,True,,,True,,,,True,,,,,,True,True,,,,,,,,,,,,True,,True,,,True,,,,,True,True,,,,,,True,,,,True,True,True,,,,,True,,,True,True,,True,True,True,True,True,,,,,,,True,True,True,True,True,True,,True,True,,,True,,,True,True,True,True,,,True,,,,True,True,,True,True,True,,,,,True,True,,,,,,True,True,True,True,,,True,True,,,True,True,,,True,True,True,True,True,,True,,,,,,True,,,,,,,,,,,,True,,True,True,,,,,,,,,,,,,,,,,,,,,,,True,,,,,,,,0,0,0,0,0
53,,2021-01-16,Achievement Through Counseling and Trt,(ACT II),1745 North 4th Street,,Philadelphia,PA,19122,,Philadelphia,215-236-0100,Intakes,215-236-0100 x2653,215-276-8400 x2622,www.jevshumanservices.org/,39.9776158,-75.1413539,SA,True,,,,,,,,,,,,True,True,True,True,,,,,,,,True,True,True,,,,,,,,,True,,True,True,True,,True,,,,True,,,,,,True,True,,,,,,,,,,True,,True,,True,,,True,,,,,True,True,,,,,,True,,,,True,True,,,,,,True,,,True,True,,True,True,True,,,,,,,,,True,True,True,True,True,True,True,True,True,True,,True,,,True,True,True,True,,,True,,,,True,,True,True,True,True,,True,,True,True,True,,True,,,,True,True,True,True,,True,True,True,,True,True,True,True,,True,,True,True,,,,,,,,,True,,,,,,,,,,,,,,True,True,,,,True,,,,,,,,,,,,,,,,,,,,,,,,,,,0,0,0,0,0
54,,2021-01-16,Kensington Hospital,Methadone Maintenance Program/OP,2100 North Front Street,,Philadelphia,PA,19122,,Philadelphia,215-426-8100 x7001,Intakes,215-426-8100 x6005,215-426-8100 x7002,kensingtonhospital.org,39.9817474,-75.1331372,SA,True,,,,,,,,,,,,True,True,True,True,,,,,,,,True,True,True,,,,,,,,,True,True,True,True,True,True,,,,,True,,,,,,,True,,,,,,,,,,,,True,,,True,True,,,,,,True,True,,,,,,,,,True,True,,,,,,,,,,True,True,,,,,,True,,,,,True,,True,True,True,,,True,True,True,True,,,True,,,True,True,True,True,,,True,,,,True,,,True,True,True,,True,True,True,True,True,True,,,,,True,True,,True,,,True,True,,True,True,True,True,,True,,,True,True,,True,,,,,,,True,,,,,,,,,,,,,True,True,,,,,,,,,,,,,,,,,,,,,,,,,,,,,,,0,0,0,0,0
55,,2021-01-16,Achievement Through Counseling and Trt,(ACT I),5820 Old York Road,,Philadelphia,PA,19141,,Philadelphia,215-276-8400 x2601,,215-236-0100,,www.jevshumanservices.org/,40.0420105,-75.1446418,SA,True,,,,,,,,,,,,True,True,True,True,,,,,,,,True,True,True,,,,,,,,,True,,True,True,True,,True,,,,True,,,,,,True,True,,,,,,,,,,True,,True,,True,,,True,,,,,True,True,True,,,,,True,,,,,True,,,,,,True,,,True,True,,True,True,True,True,,,,,,,,True,True,True,,True,True,True,True,True,True,,True,,,True,True,True,True,,,True,,,,True,,True,True,True,True,,,,True,,True,,True,,,,True,True,,,True,True,True,True,,True,,True,True,,True,,True,True,,,,,,,,,True,,,,,,,,,,,,,,True,True,,,,True,,,,,,,,,,,,,,,,,,,,,,,,,,,0,0,0,0,0
56,,2021-01-16,Jefferson Intensive Outpatient Program,,1021 South 21st Street,2nd Floor,Philadelphia,PA,19146,,Philadelphia,215-790-9942,Intakes,215-790-9942 x262,215-735-5979 x262,hospitals.jefferson.edu/,39.9395187,-75.1780506,SA,True,,,,,,,,,,,,True,True,True,True,,,,,,,,True,True,True,,,,,,,,,True,,True,True,,True,,,,,True,,,,,,True,,,,,,,,,,,,,True,,True,,True,,,,,,True,True,,True,,,,,,,True,,True,,,,,,,,,True,True,,,,,,True,,,,,,,True,True,True,True,True,,True,True,True,,,True,,,True,True,True,True,,,True,,,,True,,True,True,True,True,,True,True,True,True,True,True,True,,True,True,True,True,True,True,True,True,True,True,,True,True,True,True,,True,True,True,True,True,,True,,,,,,True,,,,,,,,,,,,True,True,True,True,,,,,,,,,,,,,,,,,,,,,,,,,,,,,,,0,0,0,0,0
57,2021-01-16,2021-01-16,Asociación Puertorriqueños en Marcha,,2921 North 5th Street,,Philadelphia,PA,19133,2800,Philadelphia,215-259-3373,,,,,39.995666,-75.1391359,SA,True,,True,True,True,True,,,,,,,,,,,,,,,,,,,True,,True,,,,,,,,True,True,True,True,,,True,,,,True,,,,,,True,True,,,,,,,,,,,,True,,True,,,,,,,,True,True,,True,,,,,True,,,True,,,,,,,,,,True,True,,,,,,True,,,,,,,True,True,True,True,True,True,True,True,True,True,True,True,,,True,True,True,True,,,True,,,True,True,,True,True,True,True,,True,,True,True,True,,True,,True,,True,True,,,,True,True,True,,True,True,,True,,True,True,True,True,True,,True,,,,,,True,,,,,,,,,,,,,True,,True,,,,,,,,,,,,,,,,,,,,,,,,,,,,,,,0,0,0,0,0
58,2020-09-08,2021-01-16,Asociacion Puertorriquenos en,Marcha Inc,4301 Rising Sun Avenue,,Philadelphia,PA,19140,,Philadelphia,267-296-7220,,,267-296-7223,www.apmphila.org,40.015968,-75.129542,SA,True,,True,True,True,True,,,,,,,,,,,,,,,,,,,True,,True,,,,,,,,True,True,True,True,,,True,,,,True,,,,,,True,True,,,,,,,,,,,,True,,True,,,,,,,,True,True,,True,,,,,True,,,True,,,,,,,,,,True,True,,,,,,True,,,,,,,True,True,True,True,True,True,True,True,True,True,True,True,,,True,True,True,True,,,True,,,True,True,,True,True,True,True,,True,,True,True,True,,True,,True,True,True,True,,,,True,True,True,,True,True,,True,,True,True,True,True,True,,True,,,,,,True,,,,,,,,,,,,,True,,True,,,,,,,,,,,,,,,,,,,,,,,,,,,,,,,0,0,0,0,0
59,,2021-01-16,Kensington Hospital,Addiction Services,136 West Diamond Street,,Philadelphia,PA,19122,,Philadelphia,215-426-8100,Intakes,215-426-8100 x6020,215-426-8100 x6005,www.kensingtonhospital.org,39.9817037,-75.1347917,SA,,True,,,,,,,,,,,,True,True,True,,True,,,,,,True,,,,,,True,,,,,True,,True,True,,True,,,True,,,,,,,,,,True,,,True,,,,,,,,True,,True,True,True,,,,,,True,True,True,True,True,,,True,,,,True,,,,,,,,,,,,,,,,,,True,True,,,,,True,True,,,True,True,,True,True,,,True,,,True,True,True,True,,,True,,,,True,,,True,True,True,,,,,True,True,True,True,,,True,True,True,True,True,True,True,True,True,True,True,True,True,True,,True,True,True,True,True,,True,,,,,,,,True,,,,True,True,,,True,,,True,,True,,,True,,True,True,,,,,,,,,,,,,,,,,,,,,,,,,0,0,0,0,0
60,,2021-01-16,Healing Way,,7900 Frankford Avenue,,Philadelphia,PA,19136,,Philadelphia,215-335-3520 x110,,215-335-3520,,www.thehealingway.net,40.0410434,-75.0299639,SA,True,,,,,,,,,,,,,True,True,True,,,,,,,,True,True,,,,True,,,,,,True,,True,True,True,,True,,,,True,,,,,,,True,,,,,,,,,,,,True,True,True,,,True,,,,,True,,,,,,,,,,,True,True,,,,,True,,,,True,True,True,True,True,,,,,,,,,,True,True,True,True,,True,,True,True,True,,True,,,True,True,True,True,,,True,,,True,True,,True,True,True,True,,True,True,True,True,True,True,True,,True,True,True,True,True,True,,True,True,True,,,True,True,,,True,,,,True,True,,,True,True,,,,True,,,,,,,,,,True,,,,True,,,,,,,,,,,,,,,,,,,,,,,True,,,,,,,,0,0,0,0,0
61,,2021-01-16,Livengrin Counseling Center,,9140 Academy Road,,Philadelphia,PA,19114,,Philadelphia,215-638-5200,,,,www.livengrin.org/,40.0554508,-75.0083123,SA,True,,,,,,,,,,,,,,,,,,True,True,True,True,True,,,,,,True,,,,,,True,,True,True,True,,True,,,,True,,,,,,True,True,,,,,,,,,,,,True,,True,,True,,,,,,True,,,,True,,,,,,,,,,True,True,,,,,,,,,,,,,,,,,,,,True,True,True,True,True,True,True,True,True,True,,True,,,True,True,True,True,True,,True,,,,True,,,True,True,True,,True,,True,True,True,,,,True,,,True,,,True,,True,,,,True,,True,,,,,True,True,,True,,,,,True,,,True,True,,,True,,,,,,True,,True,True,,,,,,,,,,,,,,,,,,,,,,,,,,,,,,,0,0,0,0,0
62,,2021-01-16,Gaudenzia Inc,Washington House,1516 Washington Avenue,,Philadelphia,PA,19146,,Philadelphia,215-985-1200,Intakes,215-985-1200 x2606,215-985-1200 x2605,www.gaudenzia.org,39.9378606,-75.1691759,SA,True,,,,,,,,,,,,,,,,,,True,True,True,True,True,,,,,,True,,,True,,,True,True,True,,,True,,,,True,,,True,,,,,,,,,,,,,,,,,True,,,,,True,,,,,,True,True,True,True,,,,,,,,True,,,,,True,,,,True,,,,,,,True,,,,,,,True,True,,,True,True,True,True,True,True,,True,,,True,True,True,,,,True,,,,True,,True,True,True,True,,,,,True,True,,,,True,True,,True,,,,True,True,True,,,True,,,,True,True,True,True,True,,True,,,,,True,,,,True,,,,,,,,,,,True,True,,,,,,,,,,,,,,,,,,,,,,,,,,,,,,,0,0,0,0,0
63,,2021-01-16,Casa de Consejeria y Salud Integral,House of Counseling,616 West Lehigh Avenue,,Philadelphia,PA,19133,,Philadelphia,215-501-7629,,,,www.casacares.net,39.9922578,-75.1428212,SA,True,,True,True,True,True,,,,,,,,,,,,,,,,,,,True,,,,,,,,,,True,True,True,True,,,True,,,,True,,,,,,True,True,,,,,,,,,,,,True,,True,,,,,,,,True,True,True,,,,,True,,,,True,,,,,,True,,True,,True,True,,,,,,,,,,,,,True,True,True,True,True,True,True,True,True,True,,True,,True,,,True,True,True,,True,,,,,,,True,True,True,,True,True,,,True,,True,,,,True,True,,,,True,True,True,,True,,,True,,True,,True,,,,True,,,,,,,True,,,,,,,,,,,True,,,True,,,,,,,,,,,,,,,,,,,,,,,,,,,,,,,0,0,0,0,0
64,2020-09-08,2021-01-16,Womens Institute for Family Health,,5936 Chestnut Street,1st Floor,Philadelphia,PA,19139,,Philadelphia,215-747-2391,,,,www.wifamilyhealth.org,39.960143,-75.24054,SA,True,,True,True,True,,True,,,,,,,,,,,,,,,,,,True,,,,,,,,,,True,True,True,True,,True,,,,,True,,,,,,True,True,,,,,,,,,,,,True,,True,,,,,,,,True,True,True,,True,,,True,,,,True,True,True,True,,True,True,True,,True,True,True,True,True,True,True,True,,,,,,True,,True,True,True,True,True,True,True,True,True,True,,True,,True,,,True,True,,,True,,,,,True,True,True,True,True,,,,,True,True,True,True,,True,True,True,True,,,,True,True,,,True,,,True,,,,True,True,True,,True,,,,,,,True,,,,,,,,,,True,,,True,True,True,,,,,,,,,,,,,,,,,,,,,,,,,,,,,,0,0,0,0,0
65,,2021-01-16,Intercommunity Action Inc/INTERACT,Greenridge Counseling Center,6122 Ridge Avenue,,Philadelphia,PA,19128,,Philadelphia,215-487-1330,,,,www.intercommunityaction.org,40.0337729,-75.2160678,SA,True,,,,,,,,,,,,,,,,,,True,True,,True,True,,,,,,True,,,,,,True,True,True,True,,,True,,,,True,,,,,,,True,,,,,,,,,,,,True,True,True,,,,,,,,True,True,True,True,,,,True,True,True,,,True,,,,,,,,,True,True,,True,,,,True,,,,,True,,True,True,True,True,True,True,,True,True,,,True,,,,,True,True,,,True,,,True,,,True,True,True,True,True,,,,,,,,,True,True,True,True,,,True,True,True,True,,True,,True,True,,,,True,True,True,,True,,True,,True,,,,True,True,,True,,,,,True,,,True,True,True,,,,,,,,,,,,,,,,,,,,,,,,,,,,,,,0,0,0,0,0
66,,2021-01-16,John F Kennedy Behavioral Health,Walk In Clinic,112 North Broad Street,,Philadelphia,PA,19102,,Philadelphia,215-568-0860 x3352,,,,www.jfkbhc.org,39.9549413,-75.1634305,SA,True,,,,,,,,,,,,,,,,,,True,True,True,True,True,,,,,,,,,,,,True,True,True,True,,,,True,,,True,,,,,,True,True,,,,,,,,,,,,True,True,True,,,,,,,,,True,True,,,,,,,True,,,,,,,,,,,,True,True,,True,,,,,,,,,,,True,True,True,True,True,True,True,True,True,True,,True,,True,,,True,True,,,True,True,,True,True,,True,True,True,True,True,True,,True,,,,True,,True,True,True,True,,,,True,True,,,True,,,True,,True,,True,True,True,,True,,True,,,,,,,True,,,,,,,,,,True,True,True,,,,,,,,,,,,,,,,,,,,,,,,,,,,,,,0,0,0,0,0
67,,2021-01-16,Gaudenzia Inc,Broad Street Facility,3025 North Broad Street,,Philadelphia,PA,19132,,Philadelphia,215-223-9460 x2406,Intakes,215-223-9460 x2416,215-565-6312,www.gaudenzia.org,39.99926,-75.1530357,SA,True,,,,,,,,,,,,,,,,,,True,True,True,True,,,,,,,,,,,,,True,,True,True,,True,,,,True,,True,True,,,,,,,,,,,,,,,,,True,True,True,,,True,,,,,,True,True,True,True,,,True,,,,,True,,,,,,,,,True,True,,,,,,,,,,,,,True,True,True,True,True,True,True,True,True,,,True,,,True,True,True,True,,,True,,,,,,True,True,True,True,,,,,True,True,,,,True,True,True,True,,,True,True,True,True,,True,True,True,,,True,True,True,True,True,,True,,True,,,,,,,True,,,,,,,,,,,True,True,,True,,True,,,,,,,,,,,,,,,,,,,,,,,,,,,0,0,0,0,0
68,,2021-01-16,Belmont Behavioral Hospital,,4200 Monument Road,,Philadelphia,PA,19131,,Philadelphia,215-877-2000,,215-581-3700,,www.belmontbehavioral.com,39.9998986,-75.2151333,SA,True,,,,,,,,,,,,,,,,,,True,True,,True,,,,,,,,,,,,,True,,True,True,,True,,,True,,,,,,,,,,,True,,,True,,,,,,,True,True,True,True,True,,,,,,True,True,True,True,True,True,,,,,True,,True,,,,,,,,,,,,,,,,,,,,,,,True,True,True,True,,,,True,True,,,,,True,,,True,True,,,,,,,,,True,,True,True,,,,,,,True,,,True,True,,,,,,True,True,,,,,,True,,,True,True,True,,True,,,True,,,,,,,True,,,,,,,,,,,True,,,,,,,,,,,,,,,,,,,,,,,,,,,,,,,,0,0,0,0,0
1001,,2021-01-16,Providence Treatment,,1528 Walnut Street,Suite 1410,Philadelphia,PA,19102,,Philadelphia,484-445-4145,,,,www.providencetreatment.com,39.949485,-75.1673521,SA,True,,,,,,,,,,,,,,,,,,,,,,,,,,,,True,,,True,,,True,True,True,True,,,True,,,,True,,,,,True,True,True,,,,,,,,,,,,True,,True,,True,,,,,,True,,,,True,,,,,,,,True,True,,,,,True,,,True,True,,True,,,,,,,,,,,True,True,True,True,True,True,True,True,True,,,True,,,True,True,True,True,,,True,,True,True,True,,True,True,True,True,,,,,,,,True,,True,,True,True,,,True,True,True,True,,,,,True,,,,True,True,,True,,,True,,True,True,,,True,,,True,True,,,,,True,,,True,True,True,True,,,,,,,,,,,,,,,,,,,,,,,,,,,,,0,0,0,0,0
1002,,2021-01-16,CORA Services Inc,Clinical Services Division,8540 Verree Road,,Philadelphia,PA,19111,,Philadelphia,215-342-7660 x2785,,215-342-7660 x2450,,www.coraservices.com,40.0817112,-75.0681416,SA,True,,,,,,,,,,,,,,,,,,,,,,,,,,,,True,,,,,,True,,True,True,,True,,,,,True,,,,,,,True,,,,,,,,,,,,True,,,,,,,,,,True,True,,,True,,,True,True,,,,,,,,,,,True,,,,,,,,,,,,,,,,True,True,True,True,,True,True,True,True,,,True,,,,,True,True,,,True,,,,,,True,True,,True,,,,,True,True,,,,True,,True,True,,,,True,True,,,True,True,,True,,True,,True,True,,,True,,,True,,,,,True,,True,,,,,,,,,,True,True,True,,,,,,,,,,,,,,,,,,,,,,,,,,,,,,0,0,0,0,0
1003,,2021-01-16,Rehab After Work,,9815 Roosevelt Boulevard,Suite B,Philadelphia,PA,19114,,Philadelphia,888-694-9996,,,,www.rehabafterwork.com,40.0856834,-75.0221416,SA,True,,,,,,,,,,,,,,,,,,,,,,,,,,,,True,,,,,,True,True,True,True,,,True,,,,True,,,,,,True,True,,,,,,,,,,,,True,True,,,,True,,,,,True,,,,True,,,,,,,,,,,,,,,,,,,,,,,,,,,,,,,True,True,True,True,True,,True,True,,,,True,,,True,True,True,True,True,,True,,,,True,,True,True,True,True,,,,,,,,,,True,True,,True,,,,True,True,,,,,,,,,,,True,,True,,,True,True,,True,,,True,,True,,True,,,,,,,,True,True,,,,,,,,,,,,,,,,,,,,,,,,,,,,,,,0,0,0,0,0
1004,,2021-01-16,Project Transition,,6201 North Front Street,Suite 106,Philadelphia,PA,19120,,Philadelphia,215-997-9959,,,,www.projecttransition.com,40.0450077,-75.1175037,SA,True,,,,,,,,,,,,,,,,,,,,,,,,,,,,True,,,True,,,True,True,True,True,,,True,,,,True,,,,,True,,,,,,,,,,,,,,True,True,True,,True,,,,,,True,True,True,True,True,,,,,,,,True,,,,,,,,,,,,,,,,,,,,,,,True,,True,,True,,,True,True,,True,True,,,True,True,True,True,,,True,,,True,True,,True,True,True,True,,,,True,True,True,,,,True,True,,True,,,True,True,True,True,,True,True,,True,,True,,True,,True,True,,,True,,,True,,,True,,,,True,,,,,,True,True,True,True,True,,,True,,,,,,,,,,,,,,,,,,,,,,,,,,,0,0,0,0,0
1005,,2021-01-16,Gaudenzia Inc,Outreach I,1306 Spring Garden Street,1st Floor,Philadelphia,PA,19123,,Philadelphia,215-238-2150 x2214,,215-238-2150,,www.gaudenzia.org,39.9619922487352,-75.1594152871987,SA,True,,,,,,,,,,,,,,,,,,,,,,,,,,,,True,,,,,,True,,True,True,True,True,,,,,True,,,,,,True,True,,,,,,,,,,,,,,True,,,True,,,,,True,,True,,True,,,,,,True,True,True,,,,,,,,,True,True,,True,,,True,,,,,,,,True,True,True,,True,True,True,True,True,,,True,,,,,True,True,,,True,,,,,,True,,True,True,,,,True,True,True,,,,True,,True,True,,,True,True,True,True,,True,True,,,,True,,True,True,,,True,,,,True,True,,,True,,,True,True,,,,,,,,True,True,,,,,,,,,,,,,,,,,,,,,,,,,,,,,,,0,0,0,0,0
1006,,2021-01-16,GEO Erie Outpatient,,3768 L Street,,Philadelphia,PA,19124,,Philadelphia,215-744-9601 x110,,215-744-9601,,www.geogroup.com,40.0044166,-75.1035307,SA,True,,,,,,,,,,,,,,,,,,,,,,,,,,,,True,,,,,,True,True,True,True,True,True,,,,,True,,,,,,True,True,,,,,,,,,,,,True,,True,,,,,,,,True,True,,,,,,True,,,,True,,,,,,True,,,,True,True,,True,,,,,,,,,,,True,True,True,,True,,True,True,True,True,True,True,,,True,True,True,True,,,True,,,,True,,,True,True,True,,True,,True,True,True,,True,,,,True,True,,,True,,True,True,,True,True,True,True,,,,True,True,,True,,,,True,,True,,,True,,True,,True,,,,,,,,True,True,,,,True,,,,,,,,,,,,,,,,,,,,,,,,,,,0,0,0,0,0
1007,,2021-01-16,Therapeutic Center at Fox Chase,DBA The Bridge,1100 Adams Avenue,,Philadelphia,PA,19124,3101,Philadelphia,215-342-5000,Intakes,215-342-5000 x7425,215-342-5000 x7424,www.thebridgephiladelphia.org,40.016323,-75.094893,SA,True,,,,,,,,,,,,,,,,,,,,,,,,,,,,True,,,,,,True,True,True,True,True,True,,,,True,True,True,True,,,,True,True,,,,,,,,,,,,,,True,,True,,,,,,True,True,True,,,,,True,True,,True,True,True,,,,,True,,True,,True,True,True,True,True,True,True,,,,,,True,True,True,True,True,True,True,True,True,True,True,,,True,,,,,True,True,True,,True,,,True,True,True,True,True,True,True,,True,True,True,True,True,True,,,True,True,True,True,True,True,True,True,True,True,True,True,True,True,True,,True,True,True,True,True,,True,,True,True,True,,,,True,,True,True,,True,True,,True,,True,,True,True,,,,True,,,,,,,,,,,,,,,,,,,,,,,,,,,0,0,0,0,0
1008,,2021-01-16,Project Transition,,5003 Umbria Street,,Philadelphia,PA,19128,,Philadelphia,215-247-7105,,215-997-9959,,www.projecttransition.com,40.0362214,-75.2361069,SA,True,,,,,,,,,,,,,,,,,,,,,,,,,,,,True,,,True,,,True,True,True,True,,,True,,,,True,,,,,True,,,,,,,,,,,,,,True,True,True,,True,,,,,,True,True,True,True,True,,,,,,,,True,,,,,,,,,,,,,,,,,,,,,,,True,True,True,,True,,,True,True,,True,True,,,True,True,True,True,,,True,,,True,True,,True,True,True,True,,,,True,True,True,,,,True,True,,True,,,True,True,True,True,,True,True,,True,,True,,True,,True,True,,,True,,,True,,,True,,,,True,,,,,,True,True,True,True,True,,,True,,,,,,,,,,,,,,,,,,,,,,,,,,,0,0,0,0,0
1009,,2021-01-16,Project Transition,,3901 Conshohocken Avenue,,Philadelphia,PA,19131,,Philadelphia,215-240-7251,,215-997-9959,,www.projecttransition.com,40.0033867,-75.2067881,SA,True,,,,,,,,,,,,,,,,,,,,,,,,,,,,True,,,True,,,True,True,True,True,,,True,,,,True,,,,,True,,,,,,,,,,,,,,True,True,True,,True,,,,,,True,True,True,True,True,,,,,,,,True,,,,,,,,,,,,,,,,,,,,,,,True,True,True,,True,,,True,True,,True,True,,,True,True,True,True,,,True,,,True,True,,True,True,True,True,,,,True,True,True,,,,True,True,,True,,,True,True,True,True,,True,True,,True,,True,,True,,True,True,,,True,,,True,,,True,,,,True,,,,,,True,True,True,True,True,,,True,,,,,,,,,,,,,,,,,,,,,,,,,,,0,0,0,0,0
1010,,2021-01-16,New Journeys in Recovery,,3396 Miller Street,,Philadelphia,PA,19134,,Philadelphia,215-634-3669,,,,,39.9891574,-75.1001922,SA,True,,,,,,,,,,,,,,,,,,,,,,,,,,,,True,,,,,,True,True,True,True,True,True,,,,,True,,,,,,True,True,,,,,,,,,,,,True,,True,,,,,,,,True,True,True,True,,,,,,,,True,,,,,,,True,,,True,True,,True,,,,,,,,,,,True,True,True,,True,True,True,True,True,,,True,,,True,True,True,True,,,True,,,,True,,,True,True,True,,,True,,True,True,True,,,,,True,True,,True,True,True,True,,True,True,True,,,,True,,True,True,,,True,,,,True,True,,,True,,,True,,,,,,True,True,,True,True,,,,,,,,,,,,,,,,,,,,,,,,,,,,,,,0,0,0,0,0
1011,,2021-01-16,A and O Recovery Services Inc,,3319 Kensington Avenue,,Philadelphia,PA,19134,,Philadelphia,215-426-1992,,,215-778-2504,www.aandorecoveryservices.org,39.998,-75.11018,SA,True,,,,,,,,,,,,,,,,,,,,,,,,,,,,True,,,,,,True,True,True,True,True,,True,,,,True,,,,,True,,True,,,,,,,,,,,,,,True,,,True,,,,,True,True,True,True,,,,,True,,,,True,True,True,True,,True,True,,True,True,True,True,True,True,True,True,,,,,,True,,True,True,True,True,True,True,True,True,True,True,True,True,,True,True,True,True,True,,,True,,,,True,,True,True,True,True,,True,True,True,,True,,True,,True,,True,True,,,True,True,True,True,,True,,,True,,True,,True,,,True,,,True,,,True,,,True,,,,True,,,,,,True,True,True,True,True,,,,,,,,,,,,,,,,,,,,,,,,,,,,,,0,0,0,0,0
1012,,2021-01-16,Consortium Inc,Word Adolescent Program,137 South 58th Street,,Philadelphia,PA,19139,3134,Philadelphia,267-233-5407,,267-233-5415,,,39.9586342,-75.2371041,SA,True,,,,,,,,,,,,,,,,,,,,,,,,,,,,True,,,,,,True,,True,True,,True,,,,,True,,,,,,True,True,,,,,,,,,,,,True,,True,,,True,,,,,True,True,True,True,True,,,True,,,,,,,,,,,,True,,,,,,,,,,,,,,,,True,True,True,,,True,,True,True,,,True,,True,True,True,True,True,,,True,,,,True,,True,True,True,True,,,,True,,True,,,,True,True,True,True,,,,True,True,True,,True,,True,True,,True,,True,True,True,,True,,True,,,True,,True,,,,,,,,,,,True,,,True,,,,,,,,,,,,,,,,,,,,,,,,,,,,,,,0,0,0,0,0
1013,,2021-01-16,Resources for Human Development,Morris Home,5037 Woodland Avenue,,Philadelphia,PA,19143,,Philadelphia,215-729-3045,,,,www.rhd.org/morrishome,39.9393559,-75.2151219,SA,True,,,,,,,,,,,,,,,,,,,,,,,,,,,,True,,,,,,True,True,True,True,,True,,,,True,,True,True,,,,,,,,,,,,,,,,,True,,,,,,,,,,,True,,True,,,,,,,,,True,True,,,,,,,,,,True,True,True,True,,,,,,,,,True,True,True,True,,True,,True,True,,,True,,,True,True,True,True,,,True,,,True,,,,True,True,True,,True,True,True,True,True,,True,,True,,True,True,,,True,True,True,True,,True,True,,True,,True,,True,True,True,,True,,True,True,True,True,,,True,,True,True,True,,,,,,True,,True,True,True,,,True,,,,,,,,,,,,,,,,,,,,,,,,,,,0,0,0,0,0
1014,,2021-01-16,Adult and Teen Challenge,Philadelphia Womens Home,329 East Wister Street,,Philadelphia,PA,19144,,Philadelphia,215-843-2887,,844-888-8085,,www.paatc.org,40.0336465,-75.1615304,SA,True,,,,,,,,,,,,,,,,,,,,,,,,,,,,True,,,,,,True,True,True,True,True,True,,,,True,,True,True,,,,,,,,,,,,,,,,,True,,True,True,,,,,,,True,True,True,True,True,,,,True,True,,,,,,,,,,,,True,,,True,,,,,,,,,,,True,True,True,True,,True,,True,True,,,True,,,True,True,True,,,,True,,,,True,,,True,True,True,,,,,,,,True,,,,True,True,,,,,True,True,,True,,,True,,,,True,True,,,True,,,True,,True,,,True,,,,True,,,,,,True,,True,True,,,,,,,,,,,,,,,,,,,,,,,,,,,,,,,0,0,0,0,0
1015,,2021-01-16,Aporia Group LLC,,525 South 4th Street,"2nd Floor, Suite 243",Philadelphia,PA,19147,,Philadelphia,215-925-3153,,,,www.aporiagroup.com,39.9419044,-75.1488744,SA,True,,,,,,,,,,,,,,,,,,,,,,,,,,,,True,,,,,,True,,True,True,,,True,,,,True,,,,,,,True,,,,,,,,,,,,,,,,,,,,,,True,,,,,,,,,,,,,,,,,,,,,,,,,,,,,,,,,,,True,True,True,True,True,True,True,True,True,,,True,,,,,True,True,,,True,,,,,,True,True,True,,,,,,,,,,,True,,,True,,,,True,True,,,,,,,,,,True,True,True,True,,,True,,,True,,,True,,,,True,,,,,,True,,True,True,,True,,,,,,,,,,,,,,,,,,,,,,,,,,,,,0,0,0,0,0
1016,,2021-01-16,Al-Assist,Behavioral Healthcare Center,1401 South 4th Street,,Philadelphia,PA,19147,,Philadelphia,215-339-1070,,,,www.gphainc.org,39.9307373030932,-75.1515605696531,SA,True,,,,,,,,,,,,,,,,,,,,,,,,,,,,True,,,,,,True,True,True,True,True,True,,,,,True,,,,,,,True,,,,,,,,,,,,True,True,,,True,,True,,,,True,True,True,True,True,,,,True,,True,True,True,,,,,,,,,True,True,,,,,,True,,,,,True,True,True,True,True,True,,True,True,True,True,,,True,,True,,,True,True,,,True,,,True,True,,True,True,True,True,,True,True,,True,True,True,,,True,True,,True,True,True,,True,True,True,True,True,True,True,,,True,True,True,True,True,,True,,True,True,True,,,,True,,True,True,,True,True,True,True,,True,True,True,,,,,,True,True,,True,,,,,,,,,,,,,,,,,,,,,,,0,0,0,0,0
1017,,2021-01-16,People Acting to Help Inc (PATH),,8220 Castor Avenue,,Philadelphia,PA,19152,,Philadelphia,215-728-4600,,215-728-4565,,www.pathcenter.org,40.0654486,-75.0530437,SA,True,,,,,,,,,,,,,,,,,,,,,,,,,,,,True,,,,,,True,,True,True,,,True,,,,True,,,,,,,True,,,,,,,,,,,,True,True,True,,,,,,,,True,True,,,,,,True,,True,,,,,,,,,,True,,,,,True,,,,,,,,,True,,True,True,True,True,True,True,,True,True,,,True,,True,,,True,True,,,True,,,True,True,,True,True,True,True,,,,,,,,,,True,True,True,True,,,True,True,True,True,,True,,,True,,,True,,True,True,,True,,True,,,True,,,True,,,,True,,,,,True,True,,True,True,,,,,,,,,,,,,,,,,,,,,,,True,,,,,,,,0,0,0,0,0
1018,,2021-01-16,Northeast Treatment Centers,West,5501 Chestnut Street,,Philadelphia,PA,19139,,Philadelphia,215-747-6480 x4103,,215-451-7100,,www.netcenters.org,39.959432,-75.231251,SA,True,,,,,,,,,,,,,,,,,,,,,,,,,,,,True,,,,,True,True,,True,True,True,True,,,,,True,,,,,,,True,,,,,,,,,,,,True,True,True,,,,,,,,True,True,True,,,,,,,,,,,,,,,True,,,,,,,,,,,,,,,,,,True,True,True,True,True,True,True,True,True,True,True,True,,,True,True,True,True,,,True,,,,True,,,True,True,True,,,,True,True,True,True,True,,True,,True,True,True,True,,True,True,True,,True,True,,,,True,,True,True,True,,True,,,,,True,,True,True,,,,True,,,,,,True,,True,True,,,,,,,,,,,,,,,,,,,,,,,,,,,,,,,0,0,0,0,0
1019,,2021-01-16,Casa de Consejeria y Salud Integral,House of Counseling,213 West Allegheny Avenue,,Philadelphia,PA,19133,,Philadelphia,215-634-3259 x117,,215-634-3259,,www.casacares.net,39.9993679,-75.133684,SA,True,,,,,,,,,,,,,,,,,,,,,,,,,,,,,,,,,True,True,True,True,True,,,True,,,,True,,,,,,True,True,,,,,,,,,,,,True,,True,,,,,,,,True,True,True,,,,,True,,,,True,,,,,,True,,True,,True,True,,,,,,,,,,,,,True,True,True,True,True,True,True,True,True,True,,True,,True,,,True,True,True,,True,,,,,,,True,True,True,,True,True,,,True,,True,,,,True,True,,,,True,True,True,,True,,,True,,True,,True,,,,True,,,,,,,True,,,,,,,,,,,True,,,True,,,,,,,,,,,,,,,,,,,,,,,,,,,,,,,0,0,0,0,0
--,,,,,,,,,,,,,,,,,,,,,,0,0,0,0,0,0,0,0,0,0,0,0,0,0,0,0,0,0,0,0,0,0,0,0,0,0,0,0,,,0,0,,,,,,,,,,,,,,,,,,,,,,,,,,,,,,,,,,,,,,,,,,,,,,,,,,,,,,,,,,,,,,,,,,,,,,,,,,,,,,,,,,,,,,,,,,,,,,,,,,,,,,,,,,,,,,,,,,,,,,,,,,,,,,,,,,,,,,,,,,,,,,,,,,,,,,,,,,,,,,,,,,,,,,,,,,,,,,,,,,,,,,,,,,,,,,,,
